-- phpMyAdmin SQL Dump
-- version 5.2.1
-- https://www.phpmyadmin.net/
--
-- Host: 127.0.0.1
-- Generation Time: May 29, 2024 at 07:29 AM
-- Server version: 10.4.32-MariaDB
-- PHP Version: 8.2.12

SET SQL_MODE = "NO_AUTO_VALUE_ON_ZERO";
START TRANSACTION;
SET time_zone = "+00:00";


/*!40101 SET @OLD_CHARACTER_SET_CLIENT=@@CHARACTER_SET_CLIENT */;
/*!40101 SET @OLD_CHARACTER_SET_RESULTS=@@CHARACTER_SET_RESULTS */;
/*!40101 SET @OLD_COLLATION_CONNECTION=@@COLLATION_CONNECTION */;
/*!40101 SET NAMES utf8mb4 */;

--
-- Database: `celeneclothing`
--

-- --------------------------------------------------------

--
-- Table structure for table `tbl_color`
--

CREATE TABLE `tbl_color` (
  `color_id` int(11) NOT NULL,
  `color_name` varchar(255) NOT NULL
) ENGINE=InnoDB DEFAULT CHARSET=latin1 COLLATE=latin1_swedish_ci;

--
-- Dumping data for table `tbl_color`
--

INSERT INTO `tbl_color` (`color_id`, `color_name`) VALUES
(1, 'Red'),
(2, 'Black'),
(3, 'Blue'),
(4, 'Yellow'),
(5, 'Green'),
(6, 'White'),
(7, 'Orange'),
(8, 'Brown'),
(9, 'Tan'),
(10, 'Pink'),
(11, 'Mixed'),
(12, 'Lightblue'),
(13, 'Violet'),
(14, 'Light Purple'),
(15, 'Salmon'),
(16, 'Gold'),
(17, 'Gray'),
(18, 'Ash'),
(19, 'Maroon'),
(20, 'Silver'),
(21, 'Dark Clay'),
(22, 'Cognac'),
(23, 'Coffee'),
(24, 'Charcoal'),
(25, 'Navy'),
(26, 'Fuchsia'),
(27, 'Olive'),
(28, 'Burgundy'),
(29, 'Midnight Blue');

-- --------------------------------------------------------

--
-- Table structure for table `tbl_country`
--

CREATE TABLE `tbl_country` (
  `country_id` int(11) NOT NULL,
  `country_name` varchar(100) NOT NULL DEFAULT ''
) ENGINE=MyISAM DEFAULT CHARSET=utf8 COLLATE=utf8_general_ci;

--
-- Dumping data for table `tbl_country`
--

INSERT INTO `tbl_country` (`country_id`, `country_name`) VALUES
(1, 'Afghanistan'),
(2, 'Albania'),
(3, 'Algeria'),
(4, 'American Samoa'),
(5, 'Andorra'),
(6, 'Angola'),
(7, 'Anguilla'),
(8, 'Antarctica'),
(9, 'Antigua and Barbuda'),
(10, 'Argentina'),
(11, 'Armenia'),
(12, 'Aruba'),
(13, 'Australia'),
(14, 'Austria'),
(15, 'Azerbaijan'),
(16, 'Bahamas'),
(17, 'Bahrain'),
(18, 'Bangladesh'),
(19, 'Barbados'),
(20, 'Belarus'),
(21, 'Belgium'),
(22, 'Belize'),
(23, 'Benin'),
(24, 'Bermuda'),
(25, 'Bhutan'),
(26, 'Bolivia'),
(27, 'Bosnia and Herzegovina'),
(28, 'Botswana'),
(29, 'Bouvet Island'),
(30, 'Brazil'),
(31, 'British Indian Ocean Territory'),
(32, 'Brunei Darussalam'),
(33, 'Bulgaria'),
(34, 'Burkina Faso'),
(35, 'Burundi'),
(36, 'Cambodia'),
(37, 'Cameroon'),
(38, 'Canada'),
(39, 'Cape Verde'),
(40, 'Cayman Islands'),
(41, 'Central African Republic'),
(42, 'Chad'),
(43, 'Chile'),
(44, 'China'),
(45, 'Christmas Island'),
(46, 'Cocos (Keeling) Islands'),
(47, 'Colombia'),
(48, 'Comoros'),
(49, 'Congo'),
(50, 'Cook Islands'),
(51, 'Costa Rica'),
(52, 'Croatia (Hrvatska)'),
(53, 'Cuba'),
(54, 'Cyprus'),
(55, 'Czech Republic'),
(56, 'Denmark'),
(57, 'Djibouti'),
(58, 'Dominica'),
(59, 'Dominican Republic'),
(60, 'East Timor'),
(61, 'Ecuador'),
(62, 'Egypt'),
(63, 'El Salvador'),
(64, 'Equatorial Guinea'),
(65, 'Eritrea'),
(66, 'Estonia'),
(67, 'Ethiopia'),
(68, 'Falkland Islands (Malvinas)'),
(69, 'Faroe Islands'),
(70, 'Fiji'),
(71, 'Finland'),
(72, 'France'),
(73, 'France, Metropolitan'),
(74, 'French Guiana'),
(75, 'French Polynesia'),
(76, 'French Southern Territories'),
(77, 'Gabon'),
(78, 'Gambia'),
(79, 'Georgia'),
(80, 'Germany'),
(81, 'Ghana'),
(82, 'Gibraltar'),
(83, 'Guernsey'),
(84, 'Greece'),
(85, 'Greenland'),
(86, 'Grenada'),
(87, 'Guadeloupe'),
(88, 'Guam'),
(89, 'Guatemala'),
(90, 'Guinea'),
(91, 'Guinea-Bissau'),
(92, 'Guyana'),
(93, 'Haiti'),
(94, 'Heard and Mc Donald Islands'),
(95, 'Honduras'),
(96, 'Hong Kong'),
(97, 'Hungary'),
(98, 'Iceland'),
(99, 'India'),
(100, 'Isle of Man'),
(101, 'Indonesia'),
(102, 'Iran (Islamic Republic of)'),
(103, 'Iraq'),
(104, 'Ireland'),
(105, 'Israel'),
(106, 'Italy'),
(107, 'Ivory Coast'),
(108, 'Jersey'),
(109, 'Jamaica'),
(110, 'Japan'),
(111, 'Jordan'),
(112, 'Kazakhstan'),
(113, 'Kenya'),
(114, 'Kiribati'),
(115, 'Korea, Democratic People\'s Republic of'),
(116, 'Korea, Republic of'),
(117, 'Kosovo'),
(118, 'Kuwait'),
(119, 'Kyrgyzstan'),
(120, 'Lao People\'s Democratic Republic'),
(121, 'Latvia'),
(122, 'Lebanon'),
(123, 'Lesotho'),
(124, 'Liberia'),
(125, 'Libyan Arab Jamahiriya'),
(126, 'Liechtenstein'),
(127, 'Lithuania'),
(128, 'Luxembourg'),
(129, 'Macau'),
(130, 'Macedonia'),
(131, 'Madagascar'),
(132, 'Malawi'),
(133, 'Malaysia'),
(134, 'Maldives'),
(135, 'Mali'),
(136, 'Malta'),
(137, 'Marshall Islands'),
(138, 'Martinique'),
(139, 'Mauritania'),
(140, 'Mauritius'),
(141, 'Mayotte'),
(142, 'Mexico'),
(143, 'Micronesia, Federated States of'),
(144, 'Moldova, Republic of'),
(145, 'Monaco'),
(146, 'Mongolia'),
(147, 'Montenegro'),
(148, 'Montserrat'),
(149, 'Morocco'),
(150, 'Mozambique'),
(151, 'Myanmar'),
(152, 'Namibia'),
(153, 'Nauru'),
(154, 'Nepal'),
(155, 'Netherlands'),
(156, 'Netherlands Antilles'),
(157, 'New Caledonia'),
(158, 'New Zealand'),
(159, 'Nicaragua'),
(160, 'Niger'),
(161, 'Nigeria'),
(162, 'Niue'),
(163, 'Norfolk Island'),
(164, 'Northern Mariana Islands'),
(165, 'Norway'),
(166, 'Oman'),
(167, 'Pakistan'),
(168, 'Palau'),
(169, 'Palestine'),
(170, 'Panama'),
(171, 'Papua New Guinea'),
(172, 'Paraguay'),
(173, 'Peru'),
(174, 'Philippines'),
(175, 'Pitcairn'),
(176, 'Poland'),
(177, 'Portugal'),
(178, 'Puerto Rico'),
(179, 'Qatar'),
(180, 'Reunion'),
(181, 'Romania'),
(182, 'Russian Federation'),
(183, 'Rwanda'),
(184, 'Saint Kitts and Nevis'),
(185, 'Saint Lucia'),
(186, 'Saint Vincent and the Grenadines'),
(187, 'Samoa'),
(188, 'San Marino'),
(189, 'Sao Tome and Principe'),
(190, 'Saudi Arabia'),
(191, 'Senegal'),
(192, 'Serbia'),
(193, 'Seychelles'),
(194, 'Sierra Leone'),
(195, 'Singapore'),
(196, 'Slovakia'),
(197, 'Slovenia'),
(198, 'Solomon Islands'),
(199, 'Somalia'),
(200, 'South Africa'),
(201, 'South Georgia South Sandwich Islands'),
(202, 'Spain'),
(203, 'Sri Lanka'),
(204, 'St. Helena'),
(205, 'St. Pierre and Miquelon'),
(206, 'Sudan'),
(207, 'Suriname'),
(208, 'Svalbard and Jan Mayen Islands'),
(209, 'Swaziland'),
(210, 'Sweden'),
(211, 'Switzerland'),
(212, 'Syrian Arab Republic'),
(213, 'Taiwan'),
(214, 'Tajikistan'),
(215, 'Tanzania, United Republic of'),
(216, 'Thailand'),
(217, 'Togo'),
(218, 'Tokelau'),
(219, 'Tonga'),
(220, 'Trinidad and Tobago'),
(221, 'Tunisia'),
(222, 'Turkey'),
(223, 'Turkmenistan'),
(224, 'Turks and Caicos Islands'),
(225, 'Tuvalu'),
(226, 'Uganda'),
(227, 'Ukraine'),
(228, 'United Arab Emirates'),
(229, 'United Kingdom'),
(230, 'United States'),
(231, 'United States minor outlying islands'),
(232, 'Uruguay'),
(233, 'Uzbekistan'),
(234, 'Vanuatu'),
(235, 'Vatican City State'),
(236, 'Venezuela'),
(237, 'Vietnam'),
(238, 'Virgin Islands (British)'),
(239, 'Virgin Islands (U.S.)'),
(240, 'Wallis and Futuna Islands'),
(241, 'Western Sahara'),
(242, 'Yemen'),
(243, 'Zaire'),
(244, 'Zambia'),
(245, 'Zimbabwe');

-- --------------------------------------------------------

--
-- Table structure for table `tbl_customer`
--

CREATE TABLE `tbl_customer` (
  `cust_id` int(11) NOT NULL,
  `cust_name` varchar(100) NOT NULL,
  `cust_cname` varchar(100) NOT NULL,
  `cust_email` varchar(100) NOT NULL,
  `cust_phone` varchar(50) NOT NULL,
  `cust_country` int(11) NOT NULL,
  `cust_address` text NOT NULL,
  `cust_city` varchar(100) NOT NULL,
  `cust_state` varchar(100) NOT NULL,
  `cust_zip` varchar(30) NOT NULL,
  `cust_b_name` varchar(100) NOT NULL,
  `cust_b_cname` varchar(100) NOT NULL,
  `cust_b_phone` varchar(50) NOT NULL,
  `cust_b_country` int(11) NOT NULL,
  `cust_b_address` text NOT NULL,
  `cust_b_city` varchar(100) NOT NULL,
  `cust_b_state` varchar(100) NOT NULL,
  `cust_b_zip` varchar(30) NOT NULL,
  `cust_s_name` varchar(100) NOT NULL,
  `cust_s_cname` varchar(100) NOT NULL,
  `cust_s_phone` varchar(50) NOT NULL,
  `cust_s_country` int(11) NOT NULL,
  `cust_s_address` text NOT NULL,
  `cust_s_city` varchar(100) NOT NULL,
  `cust_s_state` varchar(100) NOT NULL,
  `cust_s_zip` varchar(30) NOT NULL,
  `cust_password` varchar(100) NOT NULL,
  `cust_token` varchar(255) NOT NULL,
  `cust_datetime` varchar(100) NOT NULL,
  `cust_timestamp` varchar(100) NOT NULL,
  `cust_status` int(1) NOT NULL
) ENGINE=InnoDB DEFAULT CHARSET=latin1 COLLATE=latin1_swedish_ci;

--
-- Dumping data for table `tbl_customer`
--

INSERT INTO `tbl_customer` (`cust_id`, `cust_name`, `cust_cname`, `cust_email`, `cust_phone`, `cust_country`, `cust_address`, `cust_city`, `cust_state`, `cust_zip`, `cust_b_name`, `cust_b_cname`, `cust_b_phone`, `cust_b_country`, `cust_b_address`, `cust_b_city`, `cust_b_state`, `cust_b_zip`, `cust_s_name`, `cust_s_cname`, `cust_s_phone`, `cust_s_country`, `cust_s_address`, `cust_s_city`, `cust_s_state`, `cust_s_zip`, `cust_password`, `cust_token`, `cust_datetime`, `cust_timestamp`, `cust_status`) VALUES
(9, 'H.I Gunathilake', '', 'hashangunathilaka99@gmail.com', '0769143063', 203, 'kandy', 'Pilimathalawa', 'central', '20450', 'H.I Gunathilake', 'aaaa', '0769143063', 203, 'kandy', 'Pilimathalawa', 'central', '20450', 'H.I Gunathilake', 'aaaa', '0769143063', 203, 'kandy', 'Pilimathalawa', 'central', '20450', '827ccb0eea8a706c4c34a16891f84e7b', '', '2024-05-20 12:03:25', '', 1);

-- --------------------------------------------------------

--
-- Table structure for table `tbl_customer_message`
--

CREATE TABLE `tbl_customer_message` (
  `customer_message_id` int(11) NOT NULL,
  `subject` varchar(255) NOT NULL,
  `message` text NOT NULL,
  `order_detail` text NOT NULL,
  `cust_id` int(11) NOT NULL
) ENGINE=MyISAM DEFAULT CHARSET=latin1 COLLATE=latin1_swedish_ci;

-- --------------------------------------------------------

--
-- Table structure for table `tbl_end_category`
--

CREATE TABLE `tbl_end_category` (
  `ecat_id` int(11) NOT NULL,
  `ecat_name` varchar(255) NOT NULL,
  `mcat_id` int(11) NOT NULL
) ENGINE=InnoDB DEFAULT CHARSET=latin1 COLLATE=latin1_swedish_ci;

--
-- Dumping data for table `tbl_end_category`
--

INSERT INTO `tbl_end_category` (`ecat_id`, `ecat_name`, `mcat_id`) VALUES
(14, 'Hoodies', 7),
(15, 'Coats & Jackets', 7),
(16, 'Pants', 8),
(17, 'Jeans', 8),
(18, 'Joggers', 8),
(19, 'Shorts', 8),
(26, 'Boys', 10),
(27, 'Girls', 10),
(32, 'Dresses', 7),
(33, 'Tops', 7),
(34, 'T-Shirts & Vests', 7),
(35, 'Pants & Leggings', 7),
(36, 'Sportswear', 7),
(37, 'Plus Size Clothing', 7),
(38, 'Socks & Hosiery', 7);

-- --------------------------------------------------------

--
-- Table structure for table `tbl_faq`
--

CREATE TABLE `tbl_faq` (
  `faq_id` int(11) NOT NULL,
  `faq_title` varchar(255) NOT NULL,
  `faq_content` text NOT NULL
) ENGINE=InnoDB DEFAULT CHARSET=latin1 COLLATE=latin1_swedish_ci;

--
-- Dumping data for table `tbl_faq`
--

INSERT INTO `tbl_faq` (`faq_id`, `faq_title`, `faq_content`) VALUES
(6, 'How can I place an order on Celene Clothing?', '<p><span style=\"color: rgb(85, 85, 85); font-family: &quot;Open Sans&quot;, sans-serif; font-size: medium; background-color: rgb(248, 248, 248);\">To place an order, simply follow these steps: 1. Browse our website and add the desired items to your shopping cart. 2. Click on the cart icon at the top-right corner of the page to proceed to checkout. 3. Enter your shipping and payment information. 4. Review your order details and confirm the purchase.</span><br></p>'),
(7, 'What payment methods are accepted on Celene Clothing?', '<p><span style=\"color: rgb(85, 85, 85); font-family: &quot;Open Sans&quot;, sans-serif; font-size: medium; background-color: rgb(248, 248, 248);\">We accept various payment methods, including credit/debit cards, PayPal, and other secure online payment options. Rest assured that all payment transactions are encrypted and secure.</span><br></p>'),
(8, 'How can I track my order status?', '<p><span style=\"color: rgb(85, 85, 85); font-family: &quot;Open Sans&quot;, sans-serif; font-size: medium; background-color: rgb(248, 248, 248);\">Once your order is confirmed and shipped, you will receive a tracking number via email. You can use this tracking number to monitor the status of your shipment on the carrier\'s website.</span><br></p>'),
(9, 'What is Celene Clothing\'s return and exchange policy?', '<p><span style=\"color: rgb(85, 85, 85); font-family: &quot;Open Sans&quot;, sans-serif; font-size: medium; background-color: rgb(248, 248, 248);\">We want you to be completely satisfied with your purchase. If you\'re not happy with an item, you can initiate a return or exchange within 30 days of receiving your order. Please contact our Support team using the contact us page for further inquiries.</span><br></p>'),
(10, 'Does Celene Clothing offer Free shipping?', '<p><span style=\"color: rgb(85, 85, 85); font-family: &quot;Open Sans&quot;, sans-serif; font-size: medium; background-color: rgb(248, 248, 248);\">Yes, we provide Free shipping for every Order. Our customers do not have to worry about Shipping, only worry about Shopping!</span><br></p>'),
(11, 'How can I contact Celene Clothing\'s customer support?', '<p><span style=\"color: rgb(85, 85, 85); font-family: &quot;Open Sans&quot;, sans-serif; font-size: medium; background-color: rgb(248, 248, 248);\">For any inquiries, issues, or assistance, you can reach out to our friendly customer support team through the Contact Us page. We strive to respond promptly and provide the best possible support.</span><br></p>'),
(12, 'Are my personal and payment details safe on Celene Clothing\'s website?', '<p><span style=\"color: rgb(85, 85, 85); font-family: &quot;Open Sans&quot;, sans-serif; font-size: medium; background-color: rgb(248, 248, 248);\">Absolutely! We take data security seriously and use industry-standard encryption protocols to protect your personal and payment information. Your privacy and security are our top priorities.</span><br></p>'),
(13, 'Can I cancel an order after it has been placed?', '<p><span style=\"color: rgb(85, 85, 85); font-family: &quot;Open Sans&quot;, sans-serif; font-size: medium; background-color: rgb(248, 248, 248);\">If you wish to cancel your order, please contact our customer support as soon as possible. We\'ll do our best to accommodate your request, but keep in mind that if the order has already been processed and shipped, cancellation might not be possible.</span><br></p>');

-- --------------------------------------------------------

--
-- Table structure for table `tbl_language`
--

CREATE TABLE `tbl_language` (
  `lang_id` int(11) NOT NULL,
  `lang_name` varchar(255) NOT NULL,
  `lang_value` text NOT NULL
) ENGINE=MyISAM DEFAULT CHARSET=latin1 COLLATE=latin1_swedish_ci;

--
-- Dumping data for table `tbl_language`
--

INSERT INTO `tbl_language` (`lang_id`, `lang_name`, `lang_value`) VALUES
(1, 'Currency', 'LKR '),
(2, 'Search Product', 'Search Product'),
(3, 'Search', 'Search'),
(4, 'Submit', 'Submit'),
(5, 'Update', 'Update'),
(6, 'Read More', 'Read More'),
(7, 'Serial', 'Serial'),
(8, 'Photo', 'Photo'),
(9, 'Login', 'Login'),
(10, 'Customer Login', 'Customer Login'),
(11, 'Click here to login', 'Click here to login'),
(12, 'Back to Login Page', 'Back to Login Page'),
(13, 'Logged in as', 'Logged in as'),
(14, 'Logout', 'Logout'),
(15, 'Register', 'Register'),
(16, 'Customer Registration', 'Customer Registration'),
(17, 'Registration Successful', 'Registration Successful'),
(18, 'Cart', 'Cart'),
(19, 'View Cart', 'View Cart'),
(20, 'Update Cart', 'Update Cart'),
(21, 'Back to Cart', 'Back to Cart'),
(22, 'Checkout', 'Checkout'),
(23, 'Proceed to Checkout', 'Proceed to Checkout'),
(24, 'Orders', 'Orders'),
(25, 'Order History', 'Order History'),
(26, 'Order Details', 'Order Details'),
(27, 'Payment Date and Time', 'Payment Date and Time'),
(28, 'Transaction ID', 'Transaction ID'),
(29, 'Paid Amount', 'Paid Amount'),
(30, 'Payment Status', 'Payment Status'),
(31, 'Payment Method', 'Payment Method'),
(32, 'Payment ID', 'Payment ID'),
(33, 'Payment Section', 'Payment Section'),
(34, 'Select Payment Method', 'Select Payment Method'),
(35, 'Select a Method', 'Select a Method'),
(36, 'PayPal', 'PayPal'),
(37, 'Stripe', 'Stripe'),
(38, 'Bank Deposit', 'Bank Deposit'),
(39, 'Card Number', 'Card Number'),
(40, 'CVV', 'CVV'),
(41, 'Month', 'Month'),
(42, 'Year', 'Year'),
(43, 'Send to this Details', 'Send to this Details'),
(44, 'Transaction Information', 'Transaction Information'),
(45, 'Include transaction id and other information correctly', 'Include transaction id and other information correctly'),
(46, 'Pay Now', 'Pay Now'),
(47, 'Product Name', 'Product Name'),
(48, 'Product Details', 'Product Details'),
(49, 'Categories', 'Categories'),
(50, 'Category:', 'Category:'),
(51, 'All Products Under', 'All Products Under'),
(52, 'Select Size', 'Select Size'),
(53, 'Select Color', 'Select Color'),
(54, 'Product Price', 'Product Price'),
(55, 'Quantity', 'Quantity'),
(56, 'Out of Stock', 'Out of Stock'),
(57, 'Share This', 'Share This'),
(58, 'Share This Product', 'Share This Product'),
(59, 'Product Description', 'Product Description'),
(60, 'Features', 'Features'),
(61, 'Conditions', 'Conditions'),
(62, 'Return Policy', 'Return Policy'),
(63, 'Reviews', 'Reviews'),
(64, 'Review', 'Review'),
(65, 'Give a Review', 'Give a Review'),
(66, 'Write your comment (Optional)', 'Write your comment (Optional)'),
(67, 'Submit Review', 'Submit Review'),
(68, 'You already have given a rating!', 'You already have given a rating!'),
(69, 'You must have to login to give a review', 'You must have to login to give a review'),
(70, 'No description found', 'No description found'),
(71, 'No feature found', 'No feature found'),
(72, 'No condition found', 'No condition found'),
(73, 'No return policy found', 'No return policy found'),
(74, 'Review not found', 'Review not found'),
(75, 'Customer Name', 'Customer Name'),
(76, 'Comment', 'Comment'),
(77, 'Comments', 'Comments'),
(78, 'Rating', 'Rating'),
(79, 'Previous', 'Previous'),
(80, 'Next', 'Next'),
(81, 'Sub Total', 'Sub Total'),
(82, 'Total', 'Total'),
(83, 'Action', 'Action'),
(84, 'Shipping Cost', 'Shipping Cost'),
(85, 'Continue Shopping', 'Continue Shopping'),
(86, 'Update Billing Address', 'Update Billing Address'),
(87, 'Update Shipping Address', 'Update Shipping Address'),
(88, 'Update Billing and Shipping Info', 'Update Billing and Shipping Info'),
(89, 'Dashboard', 'Dashboard'),
(90, 'Welcome to the Dashboard', 'Welcome to the Dashboard'),
(91, 'Back to Dashboard', 'Back to Dashboard'),
(92, 'Subscribe', 'Subscribe'),
(93, 'Subscribe To Our Newsletter', 'Subscribe To Our Newsletter'),
(94, 'Email Address', 'Email Address'),
(95, 'Enter Your Email Address', 'Enter Your Email Address'),
(96, 'Password', 'Password'),
(97, 'Reset Password', 'Reset Password'),
(98, 'Retype Password', 'Retype Password'),
(99, 'Update Password', 'Update Password'),
(100, 'New Password', 'New Password'),
(101, 'Retype New Password', 'Retype New Password'),
(102, 'Full Name', 'Full Name'),
(103, 'Company Name', 'Company Name'),
(104, 'Phone Number', 'Phone Number'),
(105, 'Address', 'Address'),
(106, 'Country', 'Country'),
(107, 'City', 'City'),
(108, 'State', 'State'),
(109, 'Zip Code', 'Zip Code'),
(110, 'About Us', 'About Us'),
(111, 'Featured Posts', 'Featured Posts'),
(112, 'Popular Posts', 'Popular Posts'),
(113, 'Recent Posts', 'Recent Posts'),
(114, 'Contact Information', 'Contact Information'),
(115, 'Contact Form', 'Contact Form'),
(116, 'Our Office', 'Our Office'),
(117, 'Update Profile', 'Update Profile'),
(118, 'Send Message', 'Send Message'),
(119, 'Message', 'Message'),
(120, 'Find Us On Map', 'Find Us On Map'),
(121, 'Congratulation! Payment is successful.', 'Congratulation! Payment is successful.'),
(122, 'Billing and Shipping Information is updated successfully.', 'Billing and Shipping Information is updated successfully.'),
(123, 'Customer Name can not be empty.', 'Customer Name can not be empty.'),
(124, 'Phone Number can not be empty.', 'Phone Number can not be empty.'),
(125, 'Address can not be empty.', 'Address can not be empty.'),
(126, 'You must have to select a country.', 'You must have to select a country.'),
(127, 'City can not be empty.', 'City can not be empty.'),
(128, 'State can not be empty.', 'State can not be empty.'),
(129, 'Zip Code can not be empty.', 'Zip Code can not be empty.'),
(130, 'Profile Information is updated successfully.', 'Profile Information is updated successfully.'),
(131, 'Email Address can not be empty', 'Email Address can not be empty'),
(132, 'Email and/or Password can not be empty.', 'Email and/or Password can not be empty.'),
(133, 'Email Address does not match.', 'Email Address does not match.'),
(134, 'Email address must be valid.', 'Email address must be valid.'),
(135, 'You email address is not found in our system.', 'You email address is not found in our system.'),
(136, 'Please check your email and confirm your subscription.', 'Please check your email and confirm your subscription.'),
(137, 'Your email is verified successfully. You can now login to our website.', 'Your email is verified successfully. You can now login to our website.'),
(138, 'Password can not be empty.', 'Password can not be empty.'),
(139, 'Passwords do not match.', 'Passwords do not match.'),
(140, 'Please enter new and retype passwords.', 'Please enter new and retype passwords.'),
(141, 'Password is updated successfully.', 'Password is updated successfully.'),
(142, 'To reset your password, please click on the link below.', 'To reset your password, please click on the link below.'),
(143, 'PASSWORD RESET REQUEST - YOUR WEBSITE.COM', 'PASSWORD RESET REQUEST - YOUR WEBSITE.COM'),
(144, 'The password reset email time (24 hours) has expired. Please again try to reset your password.', 'The password reset email time (24 hours) has expired. Please again try to reset your password.'),
(145, 'A confirmation link is sent to your email address. You will get the password reset information in there.', 'A confirmation link is sent to your email address. You will get the password reset information in there.'),
(146, 'Password reset is successful. ', 'Password reset is successful. '),
(147, 'Email Address Already Exists', 'Email Address Already Exists.'),
(148, 'Sorry! Your account is inactive. Please contact to the administrator.', 'Sorry! Your account is inactive. Please contact to the administrator.'),
(149, 'Change Password', 'Change Password'),
(150, 'Registration Email Confirmation for YOUR WEBSITE', 'Registration Email Confirmation for YOUR WEBSITE.'),
(151, 'Thank you for your registration! Your account has been created. To active your account click on the link below:', 'Thank you for your registration! Your account has been created. To active your account click on the link below:'),
(152, 'Your registration is completed. Please check your email address to follow the process to confirm your registration.', 'Your registration is completed. Please check your email address to follow the process to confirm your registration.'),
(153, 'No Product Found', 'No Product Found'),
(154, 'Add to Cart', 'Add to Cart'),
(155, 'Related Products', 'Related Products'),
(156, 'See all related products from below', 'See all the related products from below'),
(157, 'Size', 'Size'),
(158, 'Color', 'Color'),
(159, 'Price', 'Price'),
(160, 'Please login as customer to checkout', 'Please login as customer to checkout'),
(161, 'Billing Address', 'Billing Address'),
(162, 'Shipping Address', 'Shipping Address'),
(163, 'Rating is Submitted Successfully!', 'Rating is Submitted Successfully!');

-- --------------------------------------------------------

--
-- Table structure for table `tbl_mid_category`
--

CREATE TABLE `tbl_mid_category` (
  `mcat_id` int(11) NOT NULL,
  `mcat_name` varchar(255) NOT NULL,
  `tcat_id` int(11) NOT NULL
) ENGINE=InnoDB DEFAULT CHARSET=latin1 COLLATE=latin1_swedish_ci;

--
-- Dumping data for table `tbl_mid_category`
--

INSERT INTO `tbl_mid_category` (`mcat_id`, `mcat_name`, `tcat_id`) VALUES
(7, 'Clothing', 2),
(8, 'Clothing', 1),
(10, 'Clothing', 3);

-- --------------------------------------------------------

--
-- Table structure for table `tbl_order`
--

CREATE TABLE `tbl_order` (
  `id` int(11) NOT NULL,
  `product_id` int(11) NOT NULL,
  `product_name` varchar(255) NOT NULL,
  `size` varchar(100) NOT NULL,
  `color` varchar(100) NOT NULL,
  `quantity` varchar(50) NOT NULL,
  `unit_price` varchar(50) NOT NULL,
  `payment_id` varchar(255) NOT NULL
) ENGINE=InnoDB DEFAULT CHARSET=latin1 COLLATE=latin1_swedish_ci;

--
-- Dumping data for table `tbl_order`
--

INSERT INTO `tbl_order` (`id`, `product_id`, `product_name`, `size`, `color`, `quantity`, `unit_price`, `payment_id`) VALUES
(1, 91, 'Women\'s Oversized Fleece Hoodie', 'S', 'Olive', '5', '56', '1716191954');

-- --------------------------------------------------------

--
-- Table structure for table `tbl_page`
--

CREATE TABLE `tbl_page` (
  `id` int(11) NOT NULL,
  `about_title` varchar(255) NOT NULL,
  `about_content` text NOT NULL,
  `about_banner` varchar(255) NOT NULL,
  `about_meta_title` varchar(255) NOT NULL,
  `about_meta_keyword` text NOT NULL,
  `about_meta_description` text NOT NULL,
  `faq_title` varchar(255) NOT NULL,
  `faq_banner` varchar(255) NOT NULL,
  `faq_meta_title` varchar(255) NOT NULL,
  `faq_meta_keyword` text NOT NULL,
  `faq_meta_description` text NOT NULL,
  `blog_title` varchar(255) NOT NULL,
  `blog_banner` varchar(255) NOT NULL,
  `blog_meta_title` varchar(255) NOT NULL,
  `blog_meta_keyword` text NOT NULL,
  `blog_meta_description` text NOT NULL,
  `contact_title` varchar(255) NOT NULL,
  `contact_banner` varchar(255) NOT NULL,
  `contact_meta_title` varchar(255) NOT NULL,
  `contact_meta_keyword` text NOT NULL,
  `contact_meta_description` text NOT NULL,
  `pgallery_title` varchar(255) NOT NULL,
  `pgallery_banner` varchar(255) NOT NULL,
  `pgallery_meta_title` varchar(255) NOT NULL,
  `pgallery_meta_keyword` text NOT NULL,
  `pgallery_meta_description` text NOT NULL,
  `vgallery_title` varchar(255) NOT NULL,
  `vgallery_banner` varchar(255) NOT NULL,
  `vgallery_meta_title` varchar(255) NOT NULL,
  `vgallery_meta_keyword` text NOT NULL,
  `vgallery_meta_description` text NOT NULL
) ENGINE=InnoDB DEFAULT CHARSET=latin1 COLLATE=latin1_swedish_ci;

--
-- Dumping data for table `tbl_page`
--

INSERT INTO `tbl_page` (`id`, `about_title`, `about_content`, `about_banner`, `about_meta_title`, `about_meta_keyword`, `about_meta_description`, `faq_title`, `faq_banner`, `faq_meta_title`, `faq_meta_keyword`, `faq_meta_description`, `blog_title`, `blog_banner`, `blog_meta_title`, `blog_meta_keyword`, `blog_meta_description`, `contact_title`, `contact_banner`, `contact_meta_title`, `contact_meta_keyword`, `contact_meta_description`, `pgallery_title`, `pgallery_banner`, `pgallery_meta_title`, `pgallery_meta_keyword`, `pgallery_meta_description`, `vgallery_title`, `vgallery_banner`, `vgallery_meta_title`, `vgallery_meta_keyword`, `vgallery_meta_description`) VALUES
(1, 'About Us', '<p class=\"MuiTypography-root MuiTypography-body1 css-9l3uo3\" style=\"font-family: Roboto, Helvetica, Arial, sans-serif; margin-bottom: 100px; line-height: 1.5; font-size: 18px; letter-spacing: 0.00938em; text-align: center;\">** Welcome to CELENE Clothing, your premier destination for high-quality, stylish garments for men, women, and children. With over two decades of experience in the fashion industry, we take great pride in offering exceptional clothing options to our esteemed customers. **</p><p class=\"MuiTypography-root MuiTypography-body1 css-9l3uo3\" style=\"font-family: Roboto, Helvetica, Arial, sans-serif; margin-bottom: 100px; line-height: 1.5; font-size: 18px; letter-spacing: 0.00938em; text-align: center;\">** Our brand\'s journey began over 20 years ago, driven by a deep passion for craftsmanship and an unwavering commitment to excellence. Since our inception, we have worked tirelessly to curate a collection that embodies our core values of superior quality, meticulous attention to detail, and cutting-edge fashion. Each and every piece in our collection is thoughtfully designed and expertly crafted using the finest materials available. We believe that true luxury lies in the perfect fusion of exceptional craftsmanship, premium fabrics, and impeccable fit. From the precision of our stitching to the selection of buttons, zippers, and embellishments, we leave no stone unturned to ensure that each garment meets the highest standards of quality. **</p><p class=\"MuiTypography-root MuiTypography-body1 css-9l3uo3\" style=\"font-family: Roboto, Helvetica, Arial, sans-serif; margin-bottom: 100px; line-height: 1.5; font-size: 18px; letter-spacing: 0.00938em; text-align: center;\">** We are committed to sustainability and embrace eco-friendly practices throughout our operations. From utilizing sustainable materials to implementing environmentally conscious manufacturing processes, we strive to minimize our ecological footprint. We believe that fashion can be both beautiful and responsible, and we constantly seek innovative ways to achieve this balance. At CELENE Clothing, we don\'t just offer clothes; we create an experience. When you choose us, you can expect personalized attention from our friendly and knowledgeable team. We are passionate about assisting you in finding the perfect outfit for every occasion, whether it\'s a relaxed weekend outing, a formal event, or a special celebration. **</p><p class=\"MuiTypography-root MuiTypography-body1 css-9l3uo3\" style=\"font-family: Roboto, Helvetica, Arial, sans-serif; line-height: 1.5; font-size: 18px; letter-spacing: 0.00938em; text-align: center;\">** We are incredibly grateful for our loyal customer base, whose unwavering support has been integral to our success. Your trust in CELENE Clothing is a testament to our commitment to delivering outstanding products and exceptional customer service. Thank you for choosing CELENE Clothing. We invite you to explore our exquisite collection and discover the perfect blend of style, quality, and comfort that will elevate your wardrobe to new heights. Join us on this fashion journey and experience the essence of true craftsmanship with every garment you wear. **</p>\r\n', 'about-banner.jpg', 'Celene Clothing - About Us', 'about, about us, about fashion, about company, about ecommerce php project', '', 'FAQ', 'faq-banner.jpg', ' FAQ', '', '', 'Blog', 'blog-banner.jpg', 'Ecommerce - Blog', '', '', 'Contact Us', 'contact-banner.jpg', 'Contact', '', '', 'Photo Gallery', 'pgallery-banner.jpg', 'Ecommerce - Photo Gallery', '', '', 'Video Gallery', 'vgallery-banner.jpg', 'Ecommerce - Video Gallery', '', '');

-- --------------------------------------------------------

--
-- Table structure for table `tbl_payment`
--

CREATE TABLE `tbl_payment` (
  `id` int(11) NOT NULL,
  `customer_id` int(11) NOT NULL,
  `customer_name` varchar(255) NOT NULL,
  `customer_email` varchar(255) NOT NULL,
  `payment_date` varchar(50) NOT NULL,
  `txnid` varchar(255) NOT NULL,
  `paid_amount` int(11) NOT NULL,
  `card_number` varchar(50) NOT NULL,
  `card_cvv` varchar(10) NOT NULL,
  `card_month` varchar(10) NOT NULL,
  `card_year` varchar(10) NOT NULL,
  `bank_transaction_info` text NOT NULL,
  `payment_method` varchar(20) NOT NULL,
  `payment_status` varchar(25) NOT NULL,
  `shipping_status` varchar(20) NOT NULL,
  `payment_id` varchar(255) NOT NULL
) ENGINE=MyISAM DEFAULT CHARSET=latin1 COLLATE=latin1_swedish_ci;

--
-- Dumping data for table `tbl_payment`
--

INSERT INTO `tbl_payment` (`id`, `customer_id`, `customer_name`, `customer_email`, `payment_date`, `txnid`, `paid_amount`, `card_number`, `card_cvv`, `card_month`, `card_year`, `bank_transaction_info`, `payment_method`, `payment_status`, `shipping_status`, `payment_id`) VALUES
(56, 9, 'H.I Gunathilake', 'hashangunathilaka99@gmail.com', '2024-05-20 00:59:14', '', 380, '', '', '', '', '', 'PayPal', 'Completed', 'Completed', '1716191954');

-- --------------------------------------------------------

--
-- Table structure for table `tbl_photo`
--

CREATE TABLE `tbl_photo` (
  `id` int(11) NOT NULL,
  `caption` varchar(255) NOT NULL,
  `photo` varchar(255) NOT NULL
) ENGINE=InnoDB DEFAULT CHARSET=latin1 COLLATE=latin1_swedish_ci;

--
-- Dumping data for table `tbl_photo`
--

INSERT INTO `tbl_photo` (`id`, `caption`, `photo`) VALUES
(1, 'Photo 1', 'photo-1.jpg'),
(2, 'Photo 2', 'photo-2.jpg'),
(3, 'Photo 3', 'photo-3.jpg'),
(4, 'Photo 4', 'photo-4.jpg'),
(5, 'Photo 5', 'photo-5.jpg'),
(6, 'Photo 6', 'photo-6.jpg');

-- --------------------------------------------------------

--
-- Table structure for table `tbl_post`
--

CREATE TABLE `tbl_post` (
  `post_id` int(11) NOT NULL,
  `post_title` varchar(255) NOT NULL,
  `post_slug` varchar(255) NOT NULL,
  `post_content` text NOT NULL,
  `post_date` varchar(255) NOT NULL,
  `photo` varchar(255) NOT NULL,
  `category_id` int(11) NOT NULL,
  `total_view` int(11) NOT NULL,
  `meta_title` varchar(255) NOT NULL,
  `meta_keyword` text NOT NULL,
  `meta_description` text NOT NULL
) ENGINE=InnoDB DEFAULT CHARSET=latin1 COLLATE=latin1_swedish_ci;

-- --------------------------------------------------------

--
-- Table structure for table `tbl_product`
--

CREATE TABLE `tbl_product` (
  `p_id` int(11) NOT NULL,
  `p_name` varchar(255) NOT NULL,
  `p_old_price` varchar(10) NOT NULL,
  `p_current_price` varchar(10) NOT NULL,
  `p_qty` int(10) NOT NULL,
  `p_featured_photo` varchar(255) NOT NULL,
  `p_description` text NOT NULL,
  `p_short_description` text NOT NULL,
  `p_feature` text NOT NULL,
  `p_condition` text NOT NULL,
  `p_return_policy` text NOT NULL,
  `p_total_view` int(11) NOT NULL,
  `p_is_featured` int(1) NOT NULL,
  `p_is_active` int(1) NOT NULL,
  `ecat_id` int(11) NOT NULL
) ENGINE=InnoDB DEFAULT CHARSET=latin1 COLLATE=latin1_swedish_ci;

--
-- Dumping data for table `tbl_product`
--

INSERT INTO `tbl_product` (`p_id`, `p_name`, `p_old_price`, `p_current_price`, `p_qty`, `p_featured_photo`, `p_description`, `p_short_description`, `p_feature`, `p_condition`, `p_return_policy`, `p_total_view`, `p_is_featured`, `p_is_active`, `ecat_id`) VALUES
(84, 'Loose-fit One-Shoulder Cutout Rib Knit Maxi Dress', '51', '39', 26, 'product-featured-84.jpg', 'A&nbsp;<span style=\"color: rgb(51, 51, 51); font-family: &quot;Amazon Ember&quot;, Arial, sans-serif; font-size: small;\">source for must-have style inspiration from global influencers. Shop limited-edition collections and discover chic wardrobe essentials. Look out for trend inspiration, exclusive brand collaborations, and expert styling tips from those in the know.</span>', '<p style=\"list-style: disc; overflow-wrap: break-word; margin: 0px;\"><span class=\"a-list-item\" style=\"overflow-wrap: break-word; display: block;\">86% Tencel, 14% Elastane</span></p>', '<ul><li style=\"list-style: disc; overflow-wrap: break-word; margin: 0px;\"><span class=\"a-list-item\" style=\"overflow-wrap: break-word; display: block;\">Machine Wash</span></li><li style=\"list-style: disc; overflow-wrap: break-word; margin: 0px;\"><span class=\"a-list-item\" style=\"overflow-wrap: break-word; display: block;\">Staples by The Drop</span></li><li style=\"list-style: disc; overflow-wrap: break-word; margin: 0px;\"><span class=\"a-list-item\" style=\"overflow-wrap: break-word; display: block;\">This maxi dress measures 48\"/122 cm long</span></li><li style=\"list-style: disc; overflow-wrap: break-word; margin: 0px;\"><span class=\"a-list-item\" style=\"overflow-wrap: break-word; display: block;\">Loose-Fit: designed for comfort</span></li><li style=\"list-style: disc; overflow-wrap: break-word; margin: 0px;\"><span class=\"a-list-item\" style=\"overflow-wrap: break-word; display: block;\">A subtle twist cutout adds a touch of romance to this minimal one-shoulder flowy maxi dress silhouette, cut from a lightweight Tencel blend ribbed knit. Belt the waist for added shape and a pop of color</span></li></ul>', '<p><span style=\"color: rgb(51, 51, 51); font-size: 14px;\">This is a sample text for conditions.</span><br></p>', '<p><span style=\"margin: 0px; padding: 0px; color: rgb(32, 33, 36); font-family: arial, sans-serif; font-size: 16px;\">Offers a&nbsp;</span><span style=\"margin: 0px; padding: 0px; color: rgb(32, 33, 36); font-family: arial, sans-serif; font-size: 16px;\">15 to 30-day window</span><span style=\"margin: 0px; padding: 0px; color: rgb(32, 33, 36); font-family: arial, sans-serif; font-size: 16px;\">&nbsp;in which customers can return a product and ask for a refund. Some businesses extend that period up to 90 days. Regardless of the time frame you choose, ensuring that you actually have a time frame is essential.</span><br></p>', 14, 1, 1, 32),
(87, 'Truck Boys Pajamas Toddler Sleepwear Clothes', '59', '37', 68, 'product-featured-87.jpg', '<p style=\"padding: 0px; margin-bottom: 14px; color: rgb(15, 17, 17); font-family: \"Amazon Ember\", Arial, sans-serif; font-size: 14px;\"><span class=\"a-text-bold\" style=\"\">Airplane Pajamas:</span></p><p style=\"padding: 0px; margin-bottom: 14px; color: rgb(15, 17, 17); font-family: \"Amazon Ember\", Arial, sans-serif; font-size: 14px;\">Wide crew neckline, elastic waistband and stretchable material make them easily skip on/off. Breathable, moisture absorbent material and pants set design help kids to lose heat faster and keep warm in cool day</p><p style=\"padding: 0px; margin-bottom: 14px; color: rgb(15, 17, 17); font-family: \"Amazon Ember\", Arial, sans-serif; font-size: 14px;\">Great set with colorful cartoon pattern, sporty and stylish, suitable for both sleepwear and daily wear, especially for school pajamas day</p>', 'T shirt Pants set for Kids Size 1Y - 14Y', '<p></p><p><ul class=\"a-unordered-list a-vertical a-spacing-mini\" style=\"margin-right: 0px; margin-bottom: 0px; margin-left: 18px; color: rgb(15, 17, 17); padding: 0px; font-family: \"Amazon Ember\", Arial, sans-serif; font-size: 14px;\"><ul></ul></ul><ul class=\"a-unordered-list a-vertical a-spacing-mini\" style=\"margin-right: 0px; margin-bottom: 0px; margin-left: 18px; color: rgb(15, 17, 17); padding: 0px; font-family: \"Amazon Ember\", Arial, sans-serif; font-size: 14px;\"><ul></ul></ul><ul class=\"a-unordered-list a-vertical a-spacing-mini\" style=\"margin-right: 0px; margin-bottom: 0px; margin-left: 18px; color: rgb(15, 17, 17); padding: 0px; font-family: \"Amazon Ember\", Arial, sans-serif; font-size: 14px;\"><ul></ul></ul><ul class=\"a-unordered-list a-vertical a-spacing-mini\" style=\"margin-right: 0px; margin-bottom: 0px; margin-left: 18px; color: rgb(15, 17, 17); padding: 0px; font-family: \"Amazon Ember\", Arial, sans-serif; font-size: 14px;\"><ul></ul></ul><ul class=\"a-unordered-list a-vertical a-spacing-mini\" style=\"margin-right: 0px; margin-bottom: 0px; margin-left: 18px; color: rgb(15, 17, 17); padding: 0px; font-family: \"Amazon Ember\", Arial, sans-serif; font-size: 14px;\"><ul></ul></ul></p><ul><li style=\"list-style: disc; overflow-wrap: break-word; margin: 0px;\"><span class=\"a-list-item\" style=\"overflow-wrap: break-word; display: block;\">SUPER COZY PAJAMAS SET - Both the top and bottoms are made of 100% natural cotton, extremely soft, comfortable and keep cool in summer</span></li><li style=\"list-style: disc; overflow-wrap: break-word; margin: 0px;\"><span class=\"a-list-item\" style=\"overflow-wrap: break-word; display: block;\">ADORABLE PATTERN - Super cool airplane and space cartoon pattern on the top, a lot of little airplane prints on the bottom, boys favorite</span></li><li style=\"list-style: disc; overflow-wrap: break-word; margin: 0px;\"><span class=\"a-list-item\" style=\"overflow-wrap: break-word; display: block;\">CONSIDERATE DESIGN - Casual wide neckline, heat-sale label at the collar, relaxed straight legs, allow for unrestricted movement and a better sleep</span></li><li style=\"list-style: disc; overflow-wrap: break-word; margin: 0px;\"><span class=\"a-list-item\" style=\"overflow-wrap: break-word; display: block;\">EASY CARE - As the durable and high quality material, simply machine wash or hand wash in mild water</span></li><li style=\"list-style: disc; overflow-wrap: break-word; margin: 0px;\"><span class=\"a-list-item\" style=\"overflow-wrap: break-word; display: block;\">SNUGLY FITTED - As the snugly fitted design and shrinkable cotton material, you¡¯d better consider one or two bigger size</span></li></ul>', '<p><span style=\"color: rgb(51, 51, 51); font-size: 14px;\">This is a sample text for conditions.</span><br></p>', '<p><span style=\"margin: 0px; padding: 0px; color: rgb(32, 33, 36); font-family: arial, sans-serif; font-size: 16px;\">Offers a </span><span style=\"margin: 0px; padding: 0px; color: rgb(32, 33, 36); font-family: arial, sans-serif; font-size: 16px;\">15 to 30-day window</span><span style=\"margin: 0px; padding: 0px; color: rgb(32, 33, 36); font-family: arial, sans-serif; font-size: 16px;\"> in which customers can return a product and ask for a refund. Some businesses extend that period up to 90 days. Regardless of the time frame you choose, ensuring that you actually have a time frame is essential.</span><br></p>', 2, 0, 1, 26),
(89, 'Men\'s Fleece Jogger Pant', '58', '37', 110, 'product-featured-89.jpg', '<p><span style=\"color: rgb(51, 51, 51); font-family: \"Amazon Ember\", Arial, sans-serif; font-size: small;\">A relaxed leg and elastic waistband bring lounge-ready style to this classic casual pant</span><br></p>', '<p style=\"list-style: disc; overflow-wrap: break-word; margin: 0px;\"><span class=\"a-list-item\" style=\"overflow-wrap: break-word; display: block;\">A relaxed leg and elastic, drawstring waistband bring lounge-ready style to this classic casual pant</span></p>', '<ul class=\"a-unordered-list a-vertical a-spacing-mini\" style=\"margin-right: 0px; margin-bottom: 0px; margin-left: 18px; color: rgb(15, 17, 17); padding: 0px; font-family: \"Amazon Ember\", Arial, sans-serif; font-size: 14px;\"><li style=\"list-style: disc; overflow-wrap: break-word; margin: 0px;\"><span class=\"a-list-item\" style=\"overflow-wrap: break-word; display: block;\">Elastic cuffs at ankle and on-seam side pockets</span></li><li style=\"list-style: disc; overflow-wrap: break-word; margin: 0px;\"><span class=\"a-list-item\" style=\"overflow-wrap: break-word; display: block;\">Everyday made better: we listen to customer feedback and fine-tune every detail to ensure quality, fit, and comfort</span></li></ul>', '<p><span style=\"color: rgb(51, 51, 51); font-size: 14px;\">This is a sample text for conditions.</span><br></p>', '<p><span style=\"margin: 0px; padding: 0px; color: rgb(32, 33, 36); font-family: arial, sans-serif; font-size: 16px;\">Offers a </span><span style=\"margin: 0px; padding: 0px; color: rgb(32, 33, 36); font-family: arial, sans-serif; font-size: 16px;\">15 to 30-day window</span><span style=\"margin: 0px; padding: 0px; color: rgb(32, 33, 36); font-family: arial, sans-serif; font-size: 16px;\"> in which customers can return a product and ask for a refund. Some businesses extend that period up to 90 days. Regardless of the time frame you choose, ensuring that you actually have a time frame is essential.</span><br></p>', 1, 0, 1, 18),
(90, 'Women\'s Thin Cotton Zip Up Hoodie Jacket', '43', '32', 64, 'product-featured-90.jpg', '<p><span style=\"color: rgb(15, 17, 17); font-family: \"Amazon Ember\", Arial, sans-serif; font-size: 14px;\">Made with quality thin cotton material, this casual style zip-up hoodie is perfect for when you want extra protection without having a bulky jacket on or to keep up with your active lifestyle. Comfortable, flattering, and functional. It’s perfect for when you need to get things done.</span><br></p>', '<p>CASUAL & COMFY<br></p>', '<ul class=\"a-unordered-list a-vertical a-spacing-mini\" style=\"margin-right: 0px; margin-bottom: 0px; margin-left: 18px; color: rgb(15, 17, 17); padding: 0px; font-family: \"Amazon Ember\", Arial, sans-serif; font-size: 14px;\"><li style=\"list-style: disc; overflow-wrap: break-word; margin: 0px;\"><span class=\"a-list-item\" style=\"overflow-wrap: break-word; display: block;\">Full zip up closure with pockets</span></li><li style=\"list-style: disc; overflow-wrap: break-word; margin: 0px;\"><span class=\"a-list-item\" style=\"overflow-wrap: break-word; display: block;\">The perfect year-long hoodie</span></li><li style=\"list-style: disc; overflow-wrap: break-word; margin: 0px;\"><span class=\"a-list-item\" style=\"overflow-wrap: break-word; display: block;\">Uniquely thin design</span></li><li style=\"list-style: disc; overflow-wrap: break-word; margin: 0px;\"><span class=\"a-list-item\" style=\"overflow-wrap: break-word; display: block;\">Pullover Series also available</span></li><li style=\"list-style: disc; overflow-wrap: break-word; margin: 0px;\"><span class=\"a-list-item\" style=\"overflow-wrap: break-word; display: block;\">Model is 5\' 7\" with 34-25-36 measurement.</span></li></ul>', '<p><span style=\"color: rgb(51, 51, 51); font-size: 14px;\">This is a sample text for conditions.</span><br></p>', '<p><span style=\"margin: 0px; padding: 0px; color: rgb(32, 33, 36); font-family: arial, sans-serif; font-size: 16px;\">Offers a </span><span style=\"margin: 0px; padding: 0px; color: rgb(32, 33, 36); font-family: arial, sans-serif; font-size: 16px;\">15 to 30-day window</span><span style=\"margin: 0px; padding: 0px; color: rgb(32, 33, 36); font-family: arial, sans-serif; font-size: 16px;\"> in which customers can return a product and ask for a refund. Some businesses extend that period up to 90 days. Regardless of the time frame you choose, ensuring that you actually have a time frame is essential.</span><br></p>', 4, 0, 1, 14),
(91, 'Women\'s Oversized Fleece Hoodie', '68', '56', 36, 'product-featured-91.jpg', '<p style=\"list-style: disc; overflow-wrap: break-word; margin: 0px;\"><span class=\"a-list-item\" style=\"overflow-wrap: break-word; display: block;\">Oversized silhouette for maximum comfort and quality layering</span></p>', '<p><span style=\"color: rgb(51, 51, 51); font-family: \"Amazon Ember\", Arial, sans-serif; font-size: small;\">Built for her lifestyle.</span><br></p>', '<ul class=\"a-unordered-list a-vertical a-spacing-mini\" style=\"margin-right: 0px; margin-bottom: 0px; margin-left: 18px; color: rgb(15, 17, 17); padding: 0px; font-family: \"Amazon Ember\", Arial, sans-serif; font-size: 14px;\"><li style=\"list-style: disc; overflow-wrap: break-word; margin: 0px;\"><span class=\"a-list-item\" style=\"overflow-wrap: break-word; display: block;\">Oversized silhouette for maximum comfort and quality layering</span></li><li style=\"list-style: disc; overflow-wrap: break-word; margin: 0px;\"><span class=\"a-list-item\" style=\"overflow-wrap: break-word; display: block;\">Soft and warm fleece for ultimate comfort and wearability</span></li></ul>', '<p><span style=\"color: rgb(51, 51, 51); font-size: 14px;\">This is a sample text for conditions.</span><br></p>', '<p><span style=\"margin: 0px; padding: 0px; color: rgb(32, 33, 36); font-family: arial, sans-serif; font-size: 16px;\">Offers a </span><span style=\"margin: 0px; padding: 0px; color: rgb(32, 33, 36); font-family: arial, sans-serif; font-size: 16px;\">15 to 30-day window</span><span style=\"margin: 0px; padding: 0px; color: rgb(32, 33, 36); font-family: arial, sans-serif; font-size: 16px;\"> in which customers can return a product and ask for a refund. Some businesses extend that period up to 90 days. Regardless of the time frame you choose, ensuring that you actually have a time frame is essential.</span><br></p>', 6, 0, 1, 14),
(97, 'Women\'s Tea Length Dress with Rosette Detail (Petite & Regular)', '8700', '6700', 53, 'product-featured-97.jpg', '<p><span style=\"color: rgb(51, 51, 51); font-family: \"Amazon Ember\", Arial, sans-serif; font-size: small;\">Our t-length party dress has a solid stretch top, full soutache sequin skirt and tie belt that is perfect for any evening event.</span><br></p>', '<p style=\"list-style: disc; overflow-wrap: break-word; margin: 0px;\"><span class=\"a-list-item\" style=\"overflow-wrap: break-word; display: block;\">Short-sleeve v-neck midi blue dress</span></p>', '<ul class=\"a-unordered-list a-vertical a-spacing-mini\" style=\"margin-right: 0px; margin-bottom: 0px; margin-left: 18px; color: rgb(15, 17, 17); padding: 0px; font-family: \"Amazon Ember\", Arial, sans-serif; font-size: 14px;\"><li style=\"list-style: disc; overflow-wrap: break-word; margin: 0px;\"><span class=\"a-list-item\" style=\"overflow-wrap: break-word; display: block;\">Sequin detail</span></li><li style=\"list-style: disc; overflow-wrap: break-word; margin: 0px;\"><span class=\"a-list-item\" style=\"overflow-wrap: break-word; display: block;\">This style is available in Regular and Plus Size on Amazon.com</span></li><li style=\"list-style: disc; overflow-wrap: break-word; margin: 0px;\"><span class=\"a-list-item\" style=\"overflow-wrap: break-word; display: block;\">Center back zip</span></li><li style=\"list-style: disc; overflow-wrap: break-word; margin: 0px;\"><span class=\"a-list-item\" style=\"overflow-wrap: break-word; display: block;\">Joanna Chen design</span></li><li style=\"list-style: disc; overflow-wrap: break-word; margin: 0px;\"><span class=\"a-list-item\" style=\"overflow-wrap: break-word; display: block;\">Short-sleeve v-neck midi blue dress</span></li></ul>', '<p><span style=\"color: rgb(51, 51, 51); font-size: 14px;\">This is a sample text for conditions.</span><br></p>', '<p><span style=\"margin: 0px; padding: 0px; color: rgb(32, 33, 36); font-family: arial, sans-serif; font-size: 16px;\">Offers a </span><span style=\"margin: 0px; padding: 0px; color: rgb(32, 33, 36); font-family: arial, sans-serif; font-size: 16px;\">15 to 30-day window</span><span style=\"margin: 0px; padding: 0px; color: rgb(32, 33, 36); font-family: arial, sans-serif; font-size: 16px;\"> in which customers can return a product and ask for a refund. Some businesses extend that period up to 90 days. Regardless of the time frame you choose, ensuring that you actually have a time frame is essential.</span><br></p>', 20, 1, 1, 32),
(98, 'Women\'s Fuzzy Fleece Lapel Open Front Long Cardigan Coat', '9000', '8000', 41, 'product-featured-98.jpg', '<h3 class=\"a-spacing-mini\" style=\"padding: 0px; margin-top: 0px; margin-right: 0px; margin-left: 0px; text-rendering: optimizelegibility; font-weight: bold; font-size: 17px; line-height: 1.255; font-family: \"Amazon Ember\", Arial, sans-serif; color: rgb(15, 17, 17); margin-bottom: 6px !important;\">Design Details - Women Fuzzy Winter Teddy Coat</h3><p class=\"a-spacing-base\" style=\"padding: 0px; color: rgb(15, 17, 17); font-family: \"Amazon Ember\", Arial, sans-serif; font-size: 14px; margin-bottom: 14px !important;\"></p><ul class=\"a-unordered-list a-vertical\" style=\"margin-right: 0px; margin-bottom: 18px; margin-left: 18px; color: rgb(15, 17, 17); padding: 0px; font-family: \"Amazon Ember\", Arial, sans-serif; font-size: 14px;\"><li style=\"list-style: disc; overflow-wrap: break-word; margin: 0px;\"><span class=\"a-list-item\"><span class=\"a-text-bold\" style=\"font-weight: 700 !important;\">Material:</span> 85% Cotton + 15% Spandex. This women\'s teddy coat is 100% brand new and high quality!</span></li><li style=\"list-style: disc; overflow-wrap: break-word; margin: 0px;\"><span class=\"a-list-item\"><span class=\"a-text-bold\" style=\"font-weight: 700 !important;\">Style:</span> Causal, Long Sleeves, Knee Length, Fuzzy, Faux Fur, Lapel, Open Front, this women\'s teddy coat can be both chic and warm.</span></li><li style=\"list-style: disc; overflow-wrap: break-word; margin: 0px;\"><span class=\"a-list-item\"><span class=\"a-text-bold\" style=\"font-weight: 700 !important;\">Occasion:</span> Spring, Fall, Winter, Work, Date, Vacation, Daily Casual, At Home . This women\'s faux fur coat is suitable for both formal and casual occasions.</span></li><li style=\"list-style: disc; overflow-wrap: break-word; margin: 0px;\"><span class=\"a-list-item\"><span class=\"a-text-bold\" style=\"font-weight: 700 !important;\">Package include:</span> 1 Womens Fuzzy Coat</span></li><li style=\"list-style: disc; overflow-wrap: break-word; margin: 0px;\"><span class=\"a-list-item\"><span class=\"a-text-bold\" style=\"font-weight: 700 !important;\">KINDLY NOTE: Different body types may have different fit from the model pictures, please refer to customer review images for more fitting information.</span></span></li><li style=\"list-style: disc; overflow-wrap: break-word; margin: 0px;\"><span class=\"a-list-item\"><span class=\"a-text-bold\" style=\"font-weight: 700 !important;\">KINDLY NOTE: this item is designed to be open front and has no button or zipper closure. Please take it into consideration before purchase.</span></span></li></ul>', '<p style=\"list-style: disc; overflow-wrap: break-word; margin: 0px;\"><span class=\"a-list-item\" style=\"overflow-wrap: break-word; display: block;\">Material:85% Polyester; 15% Spandex. 100% brand new and high quality!</span></p>', '<ul class=\"a-unordered-list a-vertical a-spacing-mini\" style=\"margin-right: 0px; margin-bottom: 0px; margin-left: 18px; color: rgb(15, 17, 17); padding: 0px; font-family: \"Amazon Ember\", Arial, sans-serif; font-size: 14px;\"><li style=\"list-style: disc; overflow-wrap: break-word; margin: 0px;\"><span class=\"a-list-item\" style=\"overflow-wrap: break-word; display: block;\">No closure closure</span></li><li style=\"list-style: disc; overflow-wrap: break-word; margin: 0px;\"><span class=\"a-list-item\" style=\"overflow-wrap: break-word; display: block;\">Material:85% Polyester; 15% Spandex. 100% brand new and high quality!</span></li><li style=\"list-style: disc; overflow-wrap: break-word; margin: 0px;\"><span class=\"a-list-item\" style=\"overflow-wrap: break-word; display: block;\">Style: Causal, Long Sleeves, Knee Length, Fuzzy, Faux Fur, Lapel, Open Front</span></li><li style=\"list-style: disc; overflow-wrap: break-word; margin: 0px;\"><span class=\"a-list-item\" style=\"overflow-wrap: break-word; display: block;\">Occasion: Spring, Fall, Winter, Work, Date, Vacation, Daily Casual, At Home</span></li><li style=\"list-style: disc; overflow-wrap: break-word; margin: 0px;\"><span class=\"a-list-item\" style=\"overflow-wrap: break-word; display: block;\">Pair with: This women\'s coat goes perfect with a shirt/sweater & jeans/leggings/palazoo pants underneath and with short boots.</span></li><li style=\"list-style: disc; overflow-wrap: break-word; margin: 0px;\"><span class=\"a-list-item\" style=\"overflow-wrap: break-word; display: block;\">KINDLY NOTE: Different body types may have different fit from the model pictures, please refer to customer review images for more fitting information.</span></li></ul>', '<p><span style=\"color: rgb(51, 51, 51); font-size: 14px;\">This is a sample text for conditions.</span><br></p>', '<p><span style=\"margin: 0px; padding: 0px; color: rgb(32, 33, 36); font-family: arial, sans-serif; font-size: 16px;\">Offers a </span><span style=\"margin: 0px; padding: 0px; color: rgb(32, 33, 36); font-family: arial, sans-serif; font-size: 16px;\">15 to 30-day window</span><span style=\"margin: 0px; padding: 0px; color: rgb(32, 33, 36); font-family: arial, sans-serif; font-size: 16px;\"> in which customers can return a product and ask for a refund. Some businesses extend that period up to 90 days. Regardless of the time frame you choose, ensuring that you actually have a time frame is essential.</span><br></p>', 13, 1, 1, 15),
(100, 'Men\'s Long Cuffed Jogger Yoga Sweat Pant', '5950', '4590', 78, 'product-featured-100.jpg', '<p style=\"padding: 0px; margin-top: 0em; margin-bottom: 1em; margin-left: 1em; color: rgb(51, 51, 51); font-family: \"Amazon Ember\", Arial, sans-serif; font-size: small;\">We warmly welcome you to our \"Long\" Mens Cuffed Perfection Yoga Pant - our most exciting product launch of the year - <span style=\"font-weight: 700;\">and voted \"Favorite Yoga Pant\" by Instructors in YOGA JOURNAL magazine! (Spring/2015)</span></p><p style=\"padding: 0px; margin-top: 0em; margin-bottom: 1em; margin-left: 1em; color: rgb(51, 51, 51); font-family: \"Amazon Ember\", Arial, sans-serif; font-size: small;\">It\'s FORM & FASHION - <span style=\"font-weight: 700;\">you\'ll transition to errands in style!</span></p><p style=\"padding: 0px; margin-top: 0em; margin-bottom: 1em; margin-left: 1em; color: rgb(51, 51, 51); font-family: \"Amazon Ember\", Arial, sans-serif; font-size: small;\">Please notice in the pictures, the fabric paneling in the upper leg area <span style=\"font-weight: 700;\">that allows for complete expansion of the crotch area in ALL directions.</span> It is simply perfect for Yoga, pilates, lounging, the gym & running errands!</p><p style=\"padding: 0px; margin-top: 0em; margin-bottom: 1em; margin-left: 1em; color: rgb(51, 51, 51); font-family: \"Amazon Ember\", Arial, sans-serif; font-size: small;\">Relaxed elastic waist band with 1/4\" drawcord in contrasting White with super light-weight metal tips (they will NOT clang in the dryer).</p><p style=\"padding: 0px; margin-top: 0em; margin-bottom: 1em; margin-left: 1em; color: rgb(51, 51, 51); font-family: \"Amazon Ember\", Arial, sans-serif; font-size: small;\">2x1 rib cuffing at the bottom will <span style=\"font-weight: 700;\">keep your pants \"in place\"</span> for those inversions and hand stands!</p><p style=\"padding: 0px; margin-top: 0em; margin-bottom: 1em; margin-left: 1em; color: rgb(51, 51, 51); font-family: \"Amazon Ember\", Arial, sans-serif; font-size: small;\"><span style=\"font-weight: 700;\">DEEP pockets</span> that are sewn on top of the garment so they do not \"float.\" The pockets are 6.5\" deep to the side-seam so they can encase your large cell phones!</p><p style=\"padding: 0px; margin-top: 0em; margin-bottom: 1em; margin-left: 1em; color: rgb(51, 51, 51); font-family: \"Amazon Ember\", Arial, sans-serif; font-size: small;\">The rib piping extends <span style=\"font-weight: 700;\">uninterrupted</span> from the side of the pant to the back of the rear - <span style=\"font-weight: 700;\">providing amazing flexibility & stability for stretching and rigorous activity.</span></p>', '<p style=\"padding: 0px; margin-top: 0px; text-rendering: optimizelegibility; margin-bottom: 0px !important; line-height: 32px !important;\"><span id=\"productTitle\" class=\"a-size-large product-title-word-break\" style=\"text-rendering: optimizelegibility; word-break: break-word; line-height: 32px !important;\">Long Cuffed Jogger Pants</span></p>', '<ul class=\"a-unordered-list a-vertical a-spacing-mini\" style=\"margin-right: 0px; margin-bottom: 0px; margin-left: 18px; color: rgb(15, 17, 17); padding: 0px; font-family: \"Amazon Ember\", Arial, sans-serif; font-size: 14px;\"><li style=\"list-style: disc; overflow-wrap: break-word; margin: 0px;\"><span class=\"a-list-item\" style=\"overflow-wrap: break-word; display: block;\">Proudly brought to you by 4-rth: over 10 years in business from LA, California. Designed, manufactured & shipped from Los Angeles, CA.</span></li><li style=\"list-style: disc; overflow-wrap: break-word; margin: 0px;\"><span class=\"a-list-item\" style=\"overflow-wrap: break-word; display: block;\">Fabric strips in the upper leg allow for complete expansion of the crotch area in ALL directions.</span></li><li style=\"list-style: disc; overflow-wrap: break-word; margin: 0px;\"><span class=\"a-list-item\" style=\"overflow-wrap: break-word; display: block;\">Made from our Custom MODAL French-Terry fabric from the sustainable Birch Tree wood.</span></li><li style=\"list-style: disc; overflow-wrap: break-word; margin: 0px;\"><span class=\"a-list-item\" style=\"overflow-wrap: break-word; display: block;\">Cuff at the bottom is form-fitting, yet relaxed. IDEAL for all Yoga styles - Ashtanga, Bikram, Hatha, Hot - as well as Pilates, Tennis & Soccer!</span></li><li style=\"list-style: disc; overflow-wrap: break-word; margin: 0px;\"><span class=\"a-list-item\" style=\"overflow-wrap: break-word; display: block;\">MODEL: 6\'2, 175lbs. Size: M. (See Product Description for specific SIZE guidelines!) Please IGNORE the \"size chart\" above!!</span></li></ul>', '<p><span style=\"color: rgb(51, 51, 51); font-size: 14px;\">This is a sample text for conditions.</span><br></p>', '<p><span style=\"margin: 0px; padding: 0px; color: rgb(32, 33, 36); font-family: arial, sans-serif; font-size: 16px;\">Offers a </span><span style=\"margin: 0px; padding: 0px; color: rgb(32, 33, 36); font-family: arial, sans-serif; font-size: 16px;\">15 to 30-day window</span><span style=\"margin: 0px; padding: 0px; color: rgb(32, 33, 36); font-family: arial, sans-serif; font-size: 16px;\"> in which customers can return a product and ask for a refund. Some businesses extend that period up to 90 days. Regardless of the time frame you choose, ensuring that you actually have a time frame is essential.</span><br></p>', 9, 0, 1, 18),
(102, 'test', '', '4000', 112, 'product-featured-102.jpg', '<p><span style=\"color: rgb(15, 17, 17); font-family: \"Amazon Ember\", Arial, sans-serif; font-size: 14px;\">This dress has everything! Enough stretch to be forgiving. Works for my hourglass/pear shape just fine. The cap sleeves satisfy conservative dressing requirements (no sleeveless) but still works for spring/summer.</span><br></p>', '<p>From Calvin Klein</p>', '<ul class=\"a-unordered-list a-vertical a-spacing-mini\" style=\"margin-right: 0px; margin-bottom: 0px; margin-left: 18px; color: rgb(15, 17, 17); padding: 0px; font-family: \"Amazon Ember\", Arial, sans-serif; font-size: 14px;\"><li style=\"list-style: disc; overflow-wrap: break-word; margin: 0px;\"><span class=\"a-list-item\" style=\"overflow-wrap: break-word; display: block;\">Cap-sleeve shirt dress featuring belted waist with gold-tone hardware accents</span></li><li style=\"list-style: disc; overflow-wrap: break-word; margin: 0px;\"><span class=\"a-list-item\" style=\"overflow-wrap: break-word; display: block;\">Split v-neckline</span></li><li style=\"list-style: disc; overflow-wrap: break-word; margin: 0px;\"><span class=\"a-list-item\" style=\"overflow-wrap: break-word; display: block;\">Exposed center back zipper</span></li></ul>', '<p><span style=\"color: rgb(51, 51, 51); font-size: 14px;\">This is a sample text for conditions.</span><br></p>', '<p><span style=\"margin: 0px; padding: 0px; color: rgb(32, 33, 36); font-family: arial, sans-serif; font-size: 16px;\">Offers a </span><span style=\"margin: 0px; padding: 0px; color: rgb(32, 33, 36); font-family: arial, sans-serif; font-size: 16px;\">15 to 30-day window</span><span style=\"margin: 0px; padding: 0px; color: rgb(32, 33, 36); font-family: arial, sans-serif; font-size: 16px;\"> in which customers can return a product and ask for a refund. Some businesses extend that period up to 90 days. Regardless of the time frame you choose, ensuring that you actually have a time frame is essential.</span><br></p>', 50, 1, 1, 32);

-- --------------------------------------------------------

--
-- Table structure for table `tbl_product_color`
--

CREATE TABLE `tbl_product_color` (
  `id` int(11) NOT NULL,
  `color_id` int(11) NOT NULL,
  `p_id` int(11) NOT NULL
) ENGINE=InnoDB DEFAULT CHARSET=latin1 COLLATE=latin1_swedish_ci;

--
-- Dumping data for table `tbl_product_color`
--

INSERT INTO `tbl_product_color` (`id`, `color_id`, `p_id`) VALUES
(69, 1, 4),
(70, 4, 4),
(77, 6, 6),
(82, 2, 12),
(83, 9, 13),
(84, 3, 14),
(85, 2, 15),
(86, 6, 15),
(87, 3, 16),
(88, 3, 17),
(89, 2, 18),
(90, 3, 19),
(91, 1, 20),
(92, 8, 21),
(93, 2, 22),
(94, 2, 23),
(95, 2, 25),
(96, 5, 26),
(97, 2, 27),
(98, 4, 27),
(99, 5, 28),
(100, 7, 29),
(101, 10, 30),
(102, 11, 31),
(103, 14, 32),
(105, 2, 34),
(106, 1, 35),
(107, 3, 36),
(109, 6, 38),
(110, 2, 39),
(111, 11, 42),
(149, 3, 10),
(150, 6, 9),
(151, 3, 8),
(152, 7, 7),
(159, 2, 77),
(163, 17, 79),
(164, 2, 78),
(167, 3, 80),
(168, 2, 81),
(172, 1, 82),
(173, 2, 82),
(174, 4, 82),
(195, 2, 84),
(236, 12, 89),
(237, 27, 91),
(244, 2, 90),
(245, 6, 90),
(246, 25, 90),
(247, 27, 90),
(248, 28, 90),
(257, 3, 87),
(258, 17, 87),
(277, 14, 100),
(278, 5, 98),
(279, 25, 97),
(281, 2, 102);

-- --------------------------------------------------------

--
-- Table structure for table `tbl_product_photo`
--

CREATE TABLE `tbl_product_photo` (
  `pp_id` int(11) NOT NULL,
  `photo` varchar(255) NOT NULL,
  `p_id` int(11) NOT NULL
) ENGINE=InnoDB DEFAULT CHARSET=latin1 COLLATE=latin1_swedish_ci;

--
-- Dumping data for table `tbl_product_photo`
--

INSERT INTO `tbl_product_photo` (`pp_id`, `photo`, `p_id`) VALUES
(108, '108.jpg', 84),
(109, '109.jpg', 84),
(114, '114.jpg', 87),
(115, '115.jpg', 87),
(118, '118.jpg', 89),
(119, '119.jpg', 89),
(120, '120.jpg', 90),
(121, '121.jpg', 91),
(128, '128.jpg', 97),
(129, '129.jpg', 98),
(130, '130.jpg', 98),
(131, '131.jpg', 100),
(132, '132.jpg', 102);

-- --------------------------------------------------------

--
-- Table structure for table `tbl_product_size`
--

CREATE TABLE `tbl_product_size` (
  `id` int(11) NOT NULL,
  `size_id` int(11) NOT NULL,
  `p_id` int(11) NOT NULL
) ENGINE=InnoDB DEFAULT CHARSET=latin1 COLLATE=latin1_swedish_ci;

--
-- Dumping data for table `tbl_product_size`
--

INSERT INTO `tbl_product_size` (`id`, `size_id`, `p_id`) VALUES
(44, 1, 6),
(56, 8, 12),
(57, 9, 12),
(58, 10, 12),
(59, 11, 12),
(60, 12, 12),
(61, 13, 12),
(62, 9, 13),
(63, 11, 13),
(64, 13, 13),
(65, 15, 13),
(66, 9, 14),
(67, 11, 14),
(68, 12, 14),
(69, 13, 14),
(70, 9, 15),
(71, 11, 15),
(72, 13, 15),
(73, 15, 16),
(74, 16, 16),
(75, 17, 16),
(76, 16, 17),
(77, 17, 17),
(78, 14, 18),
(79, 15, 18),
(80, 16, 18),
(81, 17, 18),
(82, 15, 19),
(83, 16, 19),
(84, 17, 19),
(85, 14, 20),
(86, 15, 20),
(87, 17, 20),
(88, 15, 21),
(89, 17, 21),
(90, 15, 22),
(91, 16, 22),
(92, 17, 22),
(93, 15, 23),
(94, 16, 23),
(95, 17, 23),
(96, 18, 25),
(97, 19, 25),
(98, 20, 25),
(99, 21, 25),
(100, 19, 26),
(101, 21, 26),
(102, 22, 26),
(103, 23, 26),
(104, 19, 27),
(105, 20, 27),
(106, 21, 27),
(107, 22, 27),
(108, 19, 28),
(109, 20, 28),
(110, 21, 28),
(111, 19, 29),
(112, 20, 29),
(113, 22, 29),
(114, 1, 30),
(115, 2, 30),
(116, 3, 30),
(117, 4, 30),
(118, 23, 31),
(119, 26, 32),
(123, 2, 34),
(124, 2, 35),
(125, 2, 36),
(126, 3, 36),
(129, 2, 38),
(130, 3, 38),
(131, 4, 38),
(132, 5, 38),
(133, 27, 39),
(134, 8, 42),
(210, 3, 10),
(211, 4, 10),
(212, 5, 10),
(213, 6, 10),
(214, 3, 9),
(215, 4, 9),
(216, 3, 8),
(217, 4, 8),
(218, 2, 7),
(219, 3, 7),
(220, 4, 7),
(249, 1, 79),
(250, 2, 79),
(251, 3, 79),
(252, 1, 78),
(253, 2, 78),
(254, 3, 78),
(255, 4, 78),
(256, 5, 78),
(259, 26, 80),
(262, 3, 82),
(263, 4, 82),
(278, 2, 84),
(279, 3, 84),
(280, 4, 84),
(281, 5, 84),
(282, 6, 84),
(358, 3, 89),
(359, 4, 89),
(360, 5, 89),
(361, 6, 89),
(362, 7, 89),
(363, 2, 91),
(364, 3, 91),
(365, 4, 91),
(366, 5, 91),
(367, 6, 91),
(375, 1, 90),
(376, 2, 90),
(377, 3, 90),
(378, 4, 90),
(399, 29, 87),
(400, 30, 87),
(401, 31, 87),
(402, 32, 87),
(403, 33, 87),
(404, 34, 87),
(405, 35, 87),
(406, 36, 87),
(407, 37, 87),
(408, 38, 87),
(409, 39, 87),
(502, 3, 100),
(503, 4, 100),
(504, 5, 100),
(505, 6, 100),
(506, 4, 98),
(507, 5, 98),
(508, 6, 98),
(509, 7, 98),
(510, 8, 97),
(511, 9, 97),
(512, 10, 97),
(513, 11, 97),
(514, 12, 97),
(515, 13, 97),
(516, 14, 97),
(517, 15, 97),
(518, 16, 97),
(519, 17, 97),
(520, 18, 97),
(521, 19, 97),
(528, 42, 102),
(529, 43, 102),
(530, 44, 102),
(531, 45, 102),
(532, 46, 102),
(533, 47, 102);

-- --------------------------------------------------------

--
-- Table structure for table `tbl_rating`
--

CREATE TABLE `tbl_rating` (
  `rt_id` int(11) NOT NULL,
  `p_id` int(11) NOT NULL,
  `cust_id` int(11) NOT NULL,
  `comment` text NOT NULL,
  `rating` int(11) NOT NULL
) ENGINE=InnoDB DEFAULT CHARSET=latin1 COLLATE=latin1_swedish_ci;

-- --------------------------------------------------------

--
-- Table structure for table `tbl_service`
--

CREATE TABLE `tbl_service` (
  `id` int(11) NOT NULL,
  `title` varchar(255) NOT NULL,
  `content` text NOT NULL,
  `photo` varchar(255) NOT NULL
) ENGINE=InnoDB DEFAULT CHARSET=latin1 COLLATE=latin1_swedish_ci;

--
-- Dumping data for table `tbl_service`
--

INSERT INTO `tbl_service` (`id`, `title`, `content`, `photo`) VALUES
(5, 'Easy Returns', 'Return any item before 15 days!', 'service-5.png'),
(6, 'Free Shipping', 'Enjoy free shipping for Selected Customers.', 'service-6.png'),
(7, 'Fast Shipping', 'Items are shipped within 24 hours.', 'service-7.png'),
(8, 'Satisfaction Guarantee', 'We guarantee you with our quality satisfaction.', 'service-8.png'),
(9, 'Secure Checkout', 'Providing Secure Checkout Options for all', 'service-9.png'),
(10, 'Money Back Guarantee', 'Offer money back guarantee on our products', 'service-10.png');

-- --------------------------------------------------------

--
-- Table structure for table `tbl_settings`
--

CREATE TABLE `tbl_settings` (
  `id` int(11) NOT NULL,
  `logo` text NOT NULL,
  `favicon` text NOT NULL,
  `footer_about` text NOT NULL,
  `footer_copyright` text NOT NULL,
  `contact_address` text NOT NULL,
  `contact_email` text NOT NULL,
  `contact_phone` text NOT NULL,
  `contact_fax` text NOT NULL,
  `contact_map_iframe` text NOT NULL,
  `receive_email` text NOT NULL,
  `receive_email_subject` text NOT NULL,
  `receive_email_thank_you_message` text NOT NULL,
  `forget_password_message` text NOT NULL,
  `total_recent_post_footer` int(10) NOT NULL,
  `total_popular_post_footer` int(10) NOT NULL,
  `total_recent_post_sidebar` int(11) NOT NULL,
  `total_popular_post_sidebar` int(11) NOT NULL,
  `total_featured_product_home` int(11) NOT NULL,
  `total_latest_product_home` int(11) NOT NULL,
  `total_popular_product_home` int(11) NOT NULL,
  `meta_title_home` text NOT NULL,
  `meta_keyword_home` text NOT NULL,
  `meta_description_home` text NOT NULL,
  `banner_login` text NOT NULL,
  `banner_registration` text NOT NULL,
  `banner_forget_password` text NOT NULL,
  `banner_reset_password` text NOT NULL,
  `banner_search` text NOT NULL,
  `banner_cart` text NOT NULL,
  `banner_checkout` text NOT NULL,
  `banner_product_category` text NOT NULL,
  `banner_blog` text NOT NULL,
  `cta_title` text NOT NULL,
  `cta_content` text NOT NULL,
  `cta_read_more_text` text NOT NULL,
  `cta_read_more_url` text NOT NULL,
  `cta_photo` text NOT NULL,
  `featured_product_title` text NOT NULL,
  `featured_product_subtitle` text NOT NULL,
  `latest_product_title` text NOT NULL,
  `latest_product_subtitle` text NOT NULL,
  `popular_product_title` text NOT NULL,
  `popular_product_subtitle` text NOT NULL,
  `testimonial_title` text NOT NULL,
  `testimonial_subtitle` text NOT NULL,
  `testimonial_photo` text NOT NULL,
  `blog_title` text NOT NULL,
  `blog_subtitle` text NOT NULL,
  `newsletter_text` text NOT NULL,
  `paypal_email` text NOT NULL,
  `stripe_public_key` text NOT NULL,
  `stripe_secret_key` text NOT NULL,
  `bank_detail` text NOT NULL,
  `before_head` text NOT NULL,
  `after_body` text NOT NULL,
  `before_body` text NOT NULL,
  `home_service_on_off` int(11) NOT NULL,
  `home_welcome_on_off` int(11) NOT NULL,
  `home_featured_product_on_off` int(11) NOT NULL,
  `home_latest_product_on_off` int(11) NOT NULL,
  `home_popular_product_on_off` int(11) NOT NULL,
  `home_testimonial_on_off` int(11) NOT NULL,
  `home_blog_on_off` int(11) NOT NULL,
  `newsletter_on_off` int(11) NOT NULL,
  `ads_above_welcome_on_off` int(1) NOT NULL,
  `ads_above_featured_product_on_off` int(1) NOT NULL,
  `ads_above_latest_product_on_off` int(1) NOT NULL,
  `ads_above_popular_product_on_off` int(1) NOT NULL,
  `ads_above_testimonial_on_off` int(1) NOT NULL,
  `ads_category_sidebar_on_off` int(1) NOT NULL
) ENGINE=InnoDB DEFAULT CHARSET=latin1 COLLATE=latin1_swedish_ci;

--
-- Dumping data for table `tbl_settings`
--

INSERT INTO `tbl_settings` (`id`, `logo`, `favicon`, `footer_about`, `footer_copyright`, `contact_address`, `contact_email`, `contact_phone`, `contact_fax`, `contact_map_iframe`, `receive_email`, `receive_email_subject`, `receive_email_thank_you_message`, `forget_password_message`, `total_recent_post_footer`, `total_popular_post_footer`, `total_recent_post_sidebar`, `total_popular_post_sidebar`, `total_featured_product_home`, `total_latest_product_home`, `total_popular_product_home`, `meta_title_home`, `meta_keyword_home`, `meta_description_home`, `banner_login`, `banner_registration`, `banner_forget_password`, `banner_reset_password`, `banner_search`, `banner_cart`, `banner_checkout`, `banner_product_category`, `banner_blog`, `cta_title`, `cta_content`, `cta_read_more_text`, `cta_read_more_url`, `cta_photo`, `featured_product_title`, `featured_product_subtitle`, `latest_product_title`, `latest_product_subtitle`, `popular_product_title`, `popular_product_subtitle`, `testimonial_title`, `testimonial_subtitle`, `testimonial_photo`, `blog_title`, `blog_subtitle`, `newsletter_text`, `paypal_email`, `stripe_public_key`, `stripe_secret_key`, `bank_detail`, `before_head`, `after_body`, `before_body`, `home_service_on_off`, `home_welcome_on_off`, `home_featured_product_on_off`, `home_latest_product_on_off`, `home_popular_product_on_off`, `home_testimonial_on_off`, `home_blog_on_off`, `newsletter_on_off`, `ads_above_welcome_on_off`, `ads_above_featured_product_on_off`, `ads_above_latest_product_on_off`, `ads_above_popular_product_on_off`, `ads_above_testimonial_on_off`, `ads_category_sidebar_on_off`) VALUES
(1, 'logo.png', 'favicon.png', '<p>Lorem ipsum dolor sit amet, omnis signiferumque in mei, mei ex enim concludaturque. Senserit salutandi euripidis no per, modus maiestatis scribentur est an. Ea suas pertinax has.</p>\r\n', 'Copyright © 2024 - CeleneClothing', '18 R. A. De Mel Mawatha, \r\nColombo 00500', 'CeleneClothing@gmail.com', '+94 011 2060878', '', '<iframe src=\"https://www.google.com/maps/embed?pb=!1m18!1m12!1m3!1d31688.318335335203!2d79.85248219068957!3d6.885837259230308!2m3!1f0!2f0!3f0!3m2!1i1024!2i768!4f13.1!3m3!1m2!1s0x3ae25bd1e3957c5f%3A0xcb102ae7bd88bef5!2sColombo%2000500!5e0!3m2!1sen!2slk!4v1716207212702!5m2!1sen!2slk\" width=\"600\" height=\"450\" style=\"border:0;\" allowfullscreen=\"\" loading=\"lazy\" referrerpolicy=\"no-referrer-when-downgrade\"></iframe>', 'CeleneClothing@gmail.com', '', 'Thank you for sending email. We will contact you shortly.', 'A confirmation link is sent to your email address. You will get the password reset information in there.', 4, 4, 5, 5, 5, 6, 8, 'Celene Clothing', 'online fashion store, garments shop, online garments', 'Celene Clothing', 'banner_login.jpg', 'banner_registration.jpg', 'banner_forget_password.jpg', 'banner_reset_password.jpg', 'banner_search.jpg', 'banner_cart.jpg', 'banner_checkout.jpg', 'banner_product_category.jpg', 'banner_blog.jpg', 'Welcome To Our Ecommerce Website', 'Lorem ipsum dolor sit amet, an labores explicari qui, eu nostrum copiosae argumentum has. Latine propriae quo no, unum ridens expetenda id sit, \r\nat usu eius eligendi singulis. Sea ocurreret principes ne. At nonumy aperiri pri, nam quodsi copiosae intellegebat et, ex deserunt euripidis usu. ', 'Read More', '#', 'cta.jpg', 'Featured Products', 'Our list on Top Featured Products', 'Latest Products', 'Our list of recently added products', 'Popular Products', 'Popular products based on customer\'s choice', 'Testimonials', 'See what our clients tell about us', 'testimonial.jpg', 'Latest Blog', 'See all our latest articles and news from below', 'Sign-up to our newsletter for latest promotions and discounts.', 'admin@ecom.com', 'pk_test_0SwMWadgu8DwmEcPdUPRsZ7b', 'sk_test_TFcsLJ7xxUtpALbDo1L5c1PN', '', '', '<div id=\"fb-root\"></div>\r\n<script>(function(d, s, id) {\r\n  var js, fjs = d.getElementsByTagName(s)[0];\r\n  if (d.getElementById(id)) return;\r\n  js = d.createElement(s); js.id = id;\r\n  js.src = \"//connect.facebook.net/en_US/sdk.js#xfbml=1&version=v2.10&appId=323620764400430\";\r\n  fjs.parentNode.insertBefore(js, fjs);\r\n}(document, \'script\', \'facebook-jssdk\'));</script>', '<!--Start of Tawk.to Script-->\r\n<script type=\"text/javascript\">\r\nvar Tawk_API=Tawk_API||{}, Tawk_LoadStart=new Date();\r\n(function(){\r\nvar s1=document.createElement(\"script\"),s0=document.getElementsByTagName(\"script\")[0];\r\ns1.async=true;\r\ns1.src=\'https://embed.tawk.to/5ae370d7227d3d7edc24cb96/default\';\r\ns1.charset=\'UTF-8\';\r\ns1.setAttribute(\'crossorigin\',\'*\');\r\ns0.parentNode.insertBefore(s1,s0);\r\n})();\r\n</script>\r\n<!--End of Tawk.to Script-->', 1, 1, 1, 1, 1, 1, 1, 1, 1, 1, 1, 1, 1, 1);

-- --------------------------------------------------------

--
-- Table structure for table `tbl_shipping_cost`
--

CREATE TABLE `tbl_shipping_cost` (
  `shipping_cost_id` int(11) NOT NULL,
  `country_id` int(11) NOT NULL,
  `amount` varchar(20) NOT NULL
) ENGINE=InnoDB DEFAULT CHARSET=latin1 COLLATE=latin1_swedish_ci;

--
-- Dumping data for table `tbl_shipping_cost`
--

INSERT INTO `tbl_shipping_cost` (`shipping_cost_id`, `country_id`, `amount`) VALUES
(1, 228, '11'),
(2, 167, '10'),
(3, 13, '8'),
(4, 230, '0'),
(5, 203, '1500');

-- --------------------------------------------------------

--
-- Table structure for table `tbl_shipping_cost_all`
--

CREATE TABLE `tbl_shipping_cost_all` (
  `sca_id` int(11) NOT NULL,
  `amount` varchar(20) NOT NULL
) ENGINE=InnoDB DEFAULT CHARSET=latin1 COLLATE=latin1_swedish_ci;

--
-- Dumping data for table `tbl_shipping_cost_all`
--

INSERT INTO `tbl_shipping_cost_all` (`sca_id`, `amount`) VALUES
(1, '100');

-- --------------------------------------------------------

--
-- Table structure for table `tbl_size`
--

CREATE TABLE `tbl_size` (
  `size_id` int(11) NOT NULL,
  `size_name` varchar(255) NOT NULL
) ENGINE=InnoDB DEFAULT CHARSET=latin1 COLLATE=latin1_swedish_ci;

--
-- Dumping data for table `tbl_size`
--

INSERT INTO `tbl_size` (`size_id`, `size_name`) VALUES
(1, 'XS'),
(2, 'S'),
(3, 'M'),
(4, 'L'),
(5, 'XL'),
(6, 'XXL'),
(7, '3XL'),
(8, '31'),
(9, '32'),
(10, '33'),
(11, '34'),
(12, '35'),
(13, '36'),
(14, '37'),
(15, '38'),
(16, '39'),
(17, '40'),
(18, '41'),
(19, '42'),
(20, '43'),
(21, '44'),
(22, '45'),
(23, '46'),
(24, '47'),
(25, '48'),
(26, 'Free Size'),
(27, 'One Size for All'),
(28, '10'),
(29, '12 Months'),
(30, '2T'),
(31, '3T'),
(32, '4T'),
(33, '5T'),
(34, '6 Years'),
(35, '7 Years'),
(36, '8 Years'),
(37, '10 Years'),
(38, '12 Years'),
(39, '14 Years'),
(40, '256 GB'),
(41, '128 GB'),
(42, '14 Plus'),
(43, '16 Plus'),
(44, '18 Plus'),
(45, '20 Plus'),
(46, '22 Plus'),
(47, '24 Plus');

-- --------------------------------------------------------

--
-- Table structure for table `tbl_slider`
--

CREATE TABLE `tbl_slider` (
  `id` int(11) NOT NULL,
  `photo` varchar(255) NOT NULL,
  `heading` varchar(255) NOT NULL,
  `content` text NOT NULL,
  `button_text` varchar(255) NOT NULL,
  `button_url` varchar(255) NOT NULL,
  `position` varchar(255) NOT NULL
) ENGINE=InnoDB DEFAULT CHARSET=latin1 COLLATE=latin1_swedish_ci;

--
-- Dumping data for table `tbl_slider`
--

INSERT INTO `tbl_slider` (`id`, `photo`, `heading`, `content`, `button_text`, `button_url`, `position`) VALUES
(1, 'slider-1.jpg', 'Welcome to Celene Clothing', 'Shop Online for our Latest Collections', 'Shop - Men', '/CeleneClothing/product-category.php?id=1&type=top-category', 'Center'),
(2, 'slider-2.jpg', '50% off on your first Order', '', 'Shop - Women ', '/CeleneClothing/product-category.php?id=2&type=top-category', 'Center'),
(3, 'slider-3.jpg', '24 Hours Customer Support', '', 'Shop - Kids', 'http://localhost/CeleneClothing/product-category.php?id=3&type=top-category', 'Center');

-- --------------------------------------------------------

--
-- Table structure for table `tbl_social`
--

CREATE TABLE `tbl_social` (
  `social_id` int(11) NOT NULL,
  `social_name` varchar(30) NOT NULL,
  `social_url` varchar(255) NOT NULL,
  `social_icon` varchar(30) NOT NULL
) ENGINE=InnoDB DEFAULT CHARSET=latin1 COLLATE=latin1_swedish_ci;

--
-- Dumping data for table `tbl_social`
--

INSERT INTO `tbl_social` (`social_id`, `social_name`, `social_url`, `social_icon`) VALUES
(1, 'Facebook', 'https://www.facebook.com/#', 'fa fa-facebook'),
(2, 'Twitter', 'https://www.twitter.com/#', 'fa fa-twitter'),
(3, 'LinkedIn', '', 'fa fa-linkedin'),
(4, 'Google Plus', '', 'fa fa-google-plus'),
(5, 'Pinterest', '', 'fa fa-pinterest'),
(6, 'YouTube', 'https://www.youtube.com/#', 'fa fa-youtube'),
(7, 'Instagram', 'https://www.instagram.com/#', 'fa fa-instagram'),
(8, 'Tumblr', '', 'fa fa-tumblr'),
(9, 'Flickr', '', 'fa fa-flickr'),
(10, 'Reddit', '', 'fa fa-reddit'),
(11, 'Snapchat', '', 'fa fa-snapchat'),
(12, 'WhatsApp', 'https://www.whatsapp.com/#', 'fa fa-whatsapp'),
(13, 'Quora', '', 'fa fa-quora'),
(14, 'StumbleUpon', '', 'fa fa-stumbleupon'),
(15, 'Delicious', '', 'fa fa-delicious'),
(16, 'Digg', '', 'fa fa-digg');

-- --------------------------------------------------------

--
-- Table structure for table `tbl_subscriber`
--

CREATE TABLE `tbl_subscriber` (
  `subs_id` int(11) NOT NULL,
  `subs_email` varchar(255) NOT NULL,
  `subs_date` varchar(100) NOT NULL,
  `subs_date_time` varchar(100) NOT NULL,
  `subs_hash` varchar(255) NOT NULL,
  `subs_active` int(11) NOT NULL
) ENGINE=InnoDB DEFAULT CHARSET=latin1 COLLATE=latin1_swedish_ci;

--
-- Dumping data for table `tbl_subscriber`
--

INSERT INTO `tbl_subscriber` (`subs_id`, `subs_email`, `subs_date`, `subs_date_time`, `subs_hash`, `subs_active`) VALUES
(12, 'hashangunathilaka99@gmail.com', '2024-05-20', '2024-05-20 06:48:08', '', 1);

-- --------------------------------------------------------

--
-- Table structure for table `tbl_top_category`
--

CREATE TABLE `tbl_top_category` (
  `tcat_id` int(11) NOT NULL,
  `tcat_name` varchar(255) NOT NULL,
  `show_on_menu` int(1) NOT NULL
) ENGINE=InnoDB DEFAULT CHARSET=latin1 COLLATE=latin1_swedish_ci;

--
-- Dumping data for table `tbl_top_category`
--

INSERT INTO `tbl_top_category` (`tcat_id`, `tcat_name`, `show_on_menu`) VALUES
(1, 'Men', 1),
(2, 'Women', 1),
(3, 'Kids', 1);

-- --------------------------------------------------------

--
-- Table structure for table `tbl_user`
--

CREATE TABLE `tbl_user` (
  `id` int(10) NOT NULL,
  `full_name` varchar(100) NOT NULL,
  `email` varchar(255) NOT NULL,
  `phone` varchar(100) NOT NULL,
  `password` varchar(255) NOT NULL,
  `photo` varchar(255) NOT NULL,
  `role` varchar(30) NOT NULL,
  `status` varchar(10) NOT NULL
) ENGINE=InnoDB DEFAULT CHARSET=latin1 COLLATE=latin1_swedish_ci;

--
-- Dumping data for table `tbl_user`
--

INSERT INTO `tbl_user` (`id`, `full_name`, `email`, `phone`, `password`, `photo`, `role`, `status`) VALUES
(1, 'Administrator', 'admin@gmail.com', '', '7488e331b8b64e5794da3fa4eb10ad5d', 'user-1.png', 'Super Admin', 'Active'),
(2, 'CeleneClothing', 'celeneclothing@gmail.com', '', 'fa71b26c8e08196d02eaccb8e9c871bf', 'user-2.jpg', 'Admin', 'Active');

-- --------------------------------------------------------

--
-- Table structure for table `tbl_video`
--

CREATE TABLE `tbl_video` (
  `id` int(11) NOT NULL,
  `title` varchar(255) NOT NULL,
  `iframe_code` text NOT NULL
) ENGINE=InnoDB DEFAULT CHARSET=latin1 COLLATE=latin1_swedish_ci;

--
-- Indexes for dumped tables
--

--
-- Indexes for table `tbl_color`
--
ALTER TABLE `tbl_color`
  ADD PRIMARY KEY (`color_id`);

--
-- Indexes for table `tbl_country`
--
ALTER TABLE `tbl_country`
  ADD PRIMARY KEY (`country_id`);

--
-- Indexes for table `tbl_customer`
--
ALTER TABLE `tbl_customer`
  ADD PRIMARY KEY (`cust_id`);

--
-- Indexes for table `tbl_customer_message`
--
ALTER TABLE `tbl_customer_message`
  ADD PRIMARY KEY (`customer_message_id`);

--
-- Indexes for table `tbl_end_category`
--
ALTER TABLE `tbl_end_category`
  ADD PRIMARY KEY (`ecat_id`);

--
-- Indexes for table `tbl_faq`
--
ALTER TABLE `tbl_faq`
  ADD PRIMARY KEY (`faq_id`);

--
-- Indexes for table `tbl_language`
--
ALTER TABLE `tbl_language`
  ADD PRIMARY KEY (`lang_id`);

--
-- Indexes for table `tbl_mid_category`
--
ALTER TABLE `tbl_mid_category`
  ADD PRIMARY KEY (`mcat_id`);

--
-- Indexes for table `tbl_order`
--
ALTER TABLE `tbl_order`
  ADD PRIMARY KEY (`id`);

--
-- Indexes for table `tbl_page`
--
ALTER TABLE `tbl_page`
  ADD PRIMARY KEY (`id`);

--
-- Indexes for table `tbl_payment`
--
ALTER TABLE `tbl_payment`
  ADD PRIMARY KEY (`id`);

--
-- Indexes for table `tbl_photo`
--
ALTER TABLE `tbl_photo`
  ADD PRIMARY KEY (`id`);

--
-- Indexes for table `tbl_post`
--
ALTER TABLE `tbl_post`
  ADD PRIMARY KEY (`post_id`);

--
-- Indexes for table `tbl_product`
--
ALTER TABLE `tbl_product`
  ADD PRIMARY KEY (`p_id`);

--
-- Indexes for table `tbl_product_color`
--
ALTER TABLE `tbl_product_color`
  ADD PRIMARY KEY (`id`);

--
-- Indexes for table `tbl_product_photo`
--
ALTER TABLE `tbl_product_photo`
  ADD PRIMARY KEY (`pp_id`);

--
-- Indexes for table `tbl_product_size`
--
ALTER TABLE `tbl_product_size`
  ADD PRIMARY KEY (`id`);

--
-- Indexes for table `tbl_rating`
--
ALTER TABLE `tbl_rating`
  ADD PRIMARY KEY (`rt_id`);

--
-- Indexes for table `tbl_service`
--
ALTER TABLE `tbl_service`
  ADD PRIMARY KEY (`id`);

--
-- Indexes for table `tbl_settings`
--
ALTER TABLE `tbl_settings`
  ADD PRIMARY KEY (`id`);

--
-- Indexes for table `tbl_shipping_cost`
--
ALTER TABLE `tbl_shipping_cost`
  ADD PRIMARY KEY (`shipping_cost_id`);

--
-- Indexes for table `tbl_shipping_cost_all`
--
ALTER TABLE `tbl_shipping_cost_all`
  ADD PRIMARY KEY (`sca_id`);

--
-- Indexes for table `tbl_size`
--
ALTER TABLE `tbl_size`
  ADD PRIMARY KEY (`size_id`);

--
-- Indexes for table `tbl_slider`
--
ALTER TABLE `tbl_slider`
  ADD PRIMARY KEY (`id`);

--
-- Indexes for table `tbl_social`
--
ALTER TABLE `tbl_social`
  ADD PRIMARY KEY (`social_id`);

--
-- Indexes for table `tbl_subscriber`
--
ALTER TABLE `tbl_subscriber`
  ADD PRIMARY KEY (`subs_id`);

--
-- Indexes for table `tbl_top_category`
--
ALTER TABLE `tbl_top_category`
  ADD PRIMARY KEY (`tcat_id`);

--
-- Indexes for table `tbl_user`
--
ALTER TABLE `tbl_user`
  ADD PRIMARY KEY (`id`);

--
-- Indexes for table `tbl_video`
--
ALTER TABLE `tbl_video`
  ADD PRIMARY KEY (`id`);

--
-- AUTO_INCREMENT for dumped tables
--

--
-- AUTO_INCREMENT for table `tbl_color`
--
ALTER TABLE `tbl_color`
  MODIFY `color_id` int(11) NOT NULL AUTO_INCREMENT, AUTO_INCREMENT=30;

--
-- AUTO_INCREMENT for table `tbl_country`
--
ALTER TABLE `tbl_country`
  MODIFY `country_id` int(11) NOT NULL AUTO_INCREMENT, AUTO_INCREMENT=246;

--
-- AUTO_INCREMENT for table `tbl_customer`
--
ALTER TABLE `tbl_customer`
  MODIFY `cust_id` int(11) NOT NULL AUTO_INCREMENT, AUTO_INCREMENT=10;

--
-- AUTO_INCREMENT for table `tbl_customer_message`
--
ALTER TABLE `tbl_customer_message`
  MODIFY `customer_message_id` int(11) NOT NULL AUTO_INCREMENT, AUTO_INCREMENT=9;

--
-- AUTO_INCREMENT for table `tbl_end_category`
--
ALTER TABLE `tbl_end_category`
  MODIFY `ecat_id` int(11) NOT NULL AUTO_INCREMENT, AUTO_INCREMENT=39;

--
-- AUTO_INCREMENT for table `tbl_faq`
--
ALTER TABLE `tbl_faq`
  MODIFY `faq_id` int(11) NOT NULL AUTO_INCREMENT, AUTO_INCREMENT=14;

--
-- AUTO_INCREMENT for table `tbl_language`
--
ALTER TABLE `tbl_language`
  MODIFY `lang_id` int(11) NOT NULL AUTO_INCREMENT, AUTO_INCREMENT=164;

--
-- AUTO_INCREMENT for table `tbl_mid_category`
--
ALTER TABLE `tbl_mid_category`
  MODIFY `mcat_id` int(11) NOT NULL AUTO_INCREMENT, AUTO_INCREMENT=11;

--
-- AUTO_INCREMENT for table `tbl_order`
--
ALTER TABLE `tbl_order`
  MODIFY `id` int(11) NOT NULL AUTO_INCREMENT, AUTO_INCREMENT=2;

--
-- AUTO_INCREMENT for table `tbl_page`
--
ALTER TABLE `tbl_page`
  MODIFY `id` int(11) NOT NULL AUTO_INCREMENT, AUTO_INCREMENT=2;

--
-- AUTO_INCREMENT for table `tbl_payment`
--
ALTER TABLE `tbl_payment`
  MODIFY `id` int(11) NOT NULL AUTO_INCREMENT, AUTO_INCREMENT=57;

--
-- AUTO_INCREMENT for table `tbl_photo`
--
ALTER TABLE `tbl_photo`
  MODIFY `id` int(11) NOT NULL AUTO_INCREMENT, AUTO_INCREMENT=7;

--
-- AUTO_INCREMENT for table `tbl_post`
--
ALTER TABLE `tbl_post`
  MODIFY `post_id` int(11) NOT NULL AUTO_INCREMENT, AUTO_INCREMENT=12;

--
-- AUTO_INCREMENT for table `tbl_product`
--
ALTER TABLE `tbl_product`
  MODIFY `p_id` int(11) NOT NULL AUTO_INCREMENT, AUTO_INCREMENT=103;

--
-- AUTO_INCREMENT for table `tbl_product_color`
--
ALTER TABLE `tbl_product_color`
  MODIFY `id` int(11) NOT NULL AUTO_INCREMENT, AUTO_INCREMENT=282;

--
-- AUTO_INCREMENT for table `tbl_product_photo`
--
ALTER TABLE `tbl_product_photo`
  MODIFY `pp_id` int(11) NOT NULL AUTO_INCREMENT, AUTO_INCREMENT=133;

--
-- AUTO_INCREMENT for table `tbl_product_size`
--
ALTER TABLE `tbl_product_size`
  MODIFY `id` int(11) NOT NULL AUTO_INCREMENT, AUTO_INCREMENT=534;

--
-- AUTO_INCREMENT for table `tbl_rating`
--
ALTER TABLE `tbl_rating`
  MODIFY `rt_id` int(11) NOT NULL AUTO_INCREMENT;

--
-- AUTO_INCREMENT for table `tbl_service`
--
ALTER TABLE `tbl_service`
  MODIFY `id` int(11) NOT NULL AUTO_INCREMENT, AUTO_INCREMENT=11;

--
-- AUTO_INCREMENT for table `tbl_settings`
--
ALTER TABLE `tbl_settings`
  MODIFY `id` int(11) NOT NULL AUTO_INCREMENT, AUTO_INCREMENT=2;

--
-- AUTO_INCREMENT for table `tbl_shipping_cost`
--
ALTER TABLE `tbl_shipping_cost`
  MODIFY `shipping_cost_id` int(11) NOT NULL AUTO_INCREMENT, AUTO_INCREMENT=6;

--
-- AUTO_INCREMENT for table `tbl_shipping_cost_all`
--
ALTER TABLE `tbl_shipping_cost_all`
  MODIFY `sca_id` int(11) NOT NULL AUTO_INCREMENT, AUTO_INCREMENT=2;

--
-- AUTO_INCREMENT for table `tbl_size`
--
ALTER TABLE `tbl_size`
  MODIFY `size_id` int(11) NOT NULL AUTO_INCREMENT, AUTO_INCREMENT=48;

--
-- AUTO_INCREMENT for table `tbl_slider`
--
ALTER TABLE `tbl_slider`
  MODIFY `id` int(11) NOT NULL AUTO_INCREMENT, AUTO_INCREMENT=4;

--
-- AUTO_INCREMENT for table `tbl_social`
--
ALTER TABLE `tbl_social`
  MODIFY `social_id` int(11) NOT NULL AUTO_INCREMENT, AUTO_INCREMENT=17;

--
-- AUTO_INCREMENT for table `tbl_subscriber`
--
ALTER TABLE `tbl_subscriber`
  MODIFY `subs_id` int(11) NOT NULL AUTO_INCREMENT, AUTO_INCREMENT=13;

--
-- AUTO_INCREMENT for table `tbl_top_category`
--
ALTER TABLE `tbl_top_category`
  MODIFY `tcat_id` int(11) NOT NULL AUTO_INCREMENT, AUTO_INCREMENT=4;

--
-- AUTO_INCREMENT for table `tbl_user`
--
ALTER TABLE `tbl_user`
  MODIFY `id` int(10) NOT NULL AUTO_INCREMENT, AUTO_INCREMENT=3;

--
-- AUTO_INCREMENT for table `tbl_video`
--
ALTER TABLE `tbl_video`
  MODIFY `id` int(11) NOT NULL AUTO_INCREMENT, AUTO_INCREMENT=5;
COMMIT;

/*!40101 SET CHARACTER_SET_CLIENT=@OLD_CHARACTER_SET_CLIENT */;
/*!40101 SET CHARACTER_SET_RESULTS=@OLD_CHARACTER_SET_RESULTS */;
/*!40101 SET COLLATION_CONNECTION=@OLD_COLLATION_CONNECTION */;
